head_as	key	type	target	n_ed	editions	io_shelfmarks	gild_shelfmarks	dicts
Abhidha1nacinta1man2i1	ABHIDHANACINTAMANI	work		1	Von Hemacandra. Ed. O. Böhtlingk und Ch. Rieu, St. Petersburg, 1847.  PW, pw	5		PW,pw
A1ca1radars4a	ACARADARSA	work		1	Von S4ri1datta. Ed. Benares, 1821. pw			pw
A1cha1ra1n9gasu1tra	ACHARANGASUTRA	work		2	Von S4i1lan3ka, Ed. Bombay, 1895. pw | Von Sudharmasva1min. Ed. Bombay, 1895.  pw	21,21		pw
A1c11v.C11r.	ACVCR	xref	A1s4vala1yanas4rautasu1tra	0				
A1c11v.Gr2hj.	ACVGRHJ	xref	A1s4vala1yanagr2hyasu1tra	0				
Adbh.Br.	ADBHBR	xref	Adbhutabra1hman2a	0				
Adbhutabra1hman2a	ADBHUTABRAHMANA	work		1	Ed. A. Weber, Berlin, 1858.  PW	27		PW
Adbhutas.	ADBHUTAS	xref	Adbhutasa1ra	0				
Adbhutasa1ra	ADBHUTASARA	work		1	Ohne weiteres im PW.			PW
Adhima1sanirn2aya	ADHIMASANIRNAYA	work		1	Ohne weiteres im pw.			pw
Agni-P.	AGNIP	xref	Agnipura1n2a	0				
Agnipura1n2a	AGNIPURANA	work		1	Ed. R. Mitra, Calcutta, 1873-79.  pw	53		pw
A1hnikat.	AHNIKAT	xref	A1hnikatattva	0				
A1hnikatattva	AHNIKATATTVA	work		1	Ohne weiteres im PW.			PW
Ainslie	AINSLIE	xref	Materia indica	0				
Ait.A1r.	AITAR	xref	Aitareyaran2yaka	0				
Aitareya1ran2yaka	AITAREYARANYAKA	work		2	1. Nach Mitteilungen von A. Weber. PW | 2. Ed. R. Mitra, (alcutta, 1876.  pw	58		PW,pw
Aitareyabra1hman2a	AITAREYABRAHMANA	work		2	1. Handschrift mit Sa1yan2as Kommentar. PW | 2. Ed. M. Haug, Bombay, 1863.  pw	59		PW,pw
Aitareya Upanis2ad	AITAREYAUPANISAD	xref	Taittiri1ya Upanis2ad.	0				
Ait.Br.	AITBR	xref	Aitareyabra1hman2a	0				
Ait.Up.	AITUP	xref	Aitareya Upanis2ad	0				
AK.	AK	xref	Amarakos2a	0				
Akademische Vorlesungen	AKADEMISCHEVORLESUNGEN	work		1	Von A. Weber, Berlin, 1852. PW; 1876. pw			PW
Alam2ka1raratna1kara	ALAMKARARATNAKARA	work		1	Von S4obha1kara. Deccan Collection, Handschrift Nr. 227. pw			pw
Alam2ka1rasarvasva	ALAMKARASARVASVA	work		1	Von Ruyyaka. Deccan Collection, Handschrift Nr. 231. pw			pw
Alam2ka1ras4ekhara	ALAMKARASEKHARA	work		1	Von Kes4avamis4ra. Lith. Ausgabe Benares, 1833. pw			pw
Alam2ka1ratilaka	ALAMKARATILAKA	work		1	Handschrift. pw			pw
Alam2ka1ravimars4in2i1	ALAMKARAVIMARSINI	work		1	Von Jayaratha. Deccan Collection, Handschrift Nr. 230. pw			pw
Algebra	ALGEBRA	work		1	Von H. T. Colebrooke, London, 1817.  PW, pw	75		PW,pw
Amarad.	AMARAD	xref	Amaradatta	0				
Amaradatta	AMARADATTA	work		1	Ein Lexikograph. [Vogel 321, 347, 348] PW			PW
Amarakos4a	AMARAKOSA	work		2	1. Ed. H. T. Colebrooke, Serampore, 1808. 1825.  PW | 2. Ed. A. L. Deslongchamps, Paris, 1839-45.  PW, pw	1698,1699		PW,PW,pw
Amarus4ataka	AMARUSATAKA	work		1	Ed. Calcutta, 1808.  PW Mit Ghat2akarpara.		162	PW
Amr2tavindu1panis2ad	AMRTAVINDUPANISAD	xref	Atharvan2a Upanis2ads	0				
Amr2tav.Up.	AMRTAVUP	xref	Amr2tavindu1panis2ad	0				
an.	AN	xref	Aneka1rthasam2graha	0				
A1andag.	AANDAG	xref	A1nandagiri	0				
A1nandagiri	ANANDAGIRI	work		1	Ein Kommentator der Br2hada1ran2yaka Upanis2ad. PW, pw			PW,pw
A1nandal.	ANANDAL	xref	A1nandalahari1	0				
A1nandalahari1	ANANDALAHARI	xref	Ka1vyasam2graha	0				
A1nandav.	ANANDAV	xref	A1nandavalli1	0				
A1nandavalli1 (Brahmavalli1)	ANANDAVALLIBRAHMAVALLI	work		1	Zur Taittiri1ya Upanis2ad  PW	107		PW
Anarghara1ghava	ANARGHARAGHAVA	work		1	Ed. Premachandra Tarkava1gi1s4a, Calcutta, 1860.  pw	119		pw
Aneka1rthadhv.	ANEKARTHADHV	xref	Aneka1rthadhvaniman5jari1	0				
Aneka1rthadhvaniman5jari1	ANEKARTHADHVANIMANJARI	work		1	Ein Wörterbuch, aufgeführt im S4KD. [Vogel 319] PW			PW
Aneka1rthasam2graha	ANEKARTHASAMGRAHA	work		1	Von Hemacandra. Ed. H. T. Colebrooke, Calcutta, 1807. PW, pw		259	PW,pw
Aneka1rthasamuccaya	ANEKARTHASAMUCCAYA	work		1	Von S4a1s4vata. Ed. Th. Zachariae, Berlin, 1882. pw	121		pw
Anh.	ANH	abbrev	Anhang	0				
Annam2bh.	ANNAMBH	xref	Annam2bhat2t2a	0				
Annam2bhat2t2a	ANNAMBHATTA	work		1	Zum Tarkasam2graha.  PW	2713		PW
Anthologia sanscritica	ANTHOLOGIASANSCRITICA	work		1	Von Chr. Lassen, Bonn, 1838. 1868.  PW, pw Mit Brahmapura1n2a	121		PW,pw
Anukr.	ANUKR	abbrev	Anukraman2ika1	0				
Anup.s.	ANUPS	xref	Anupadasu1tra	0				
Anupadasu1tra	ANUPADASUTRA	work		1	Ohne weiteres im PW.			PW
Apara1rka	APARARKA	work		1	Zur Ya1jn5avalkyasmr2ti.  pw	31000		pw
A1past.	APAST	xref	A1pastamba	0				
A1pastamba	APASTAMBA	work		0				
A1pastamba S4rautasu1tra	APASTAMBASRAUTASUTRA	work		1	Handschrift. pw			pw
A1past.C11r.	APASTCR	xref	A1pastamba S4rautasu1tra	0				
Archaeological Survey	ARCHAEOLOGICALSURVEY	work		1	of India, pw			pw
Ar4g.	ARG	xref	Arjunasama1gama	0				
A1rjav.	ARJAV	xref	A1ryavidya1sudha1kara	0				
Arjunasama1gama	ARJUNASAMAGAMA	work		1	Liber sine titulo. Ed. F. Bopp, Berlin, 1829.  PW, pw Mit		106	PW,pw
A1rsh.Br.	ARSHBR	xref	A1rs2eyabra1hman2a	0				
A1rs2eyabra1hman2a	ARSEYABRAHMANA	work		1	Ed. A. C. Burnell, Mangalore, 1876.  pw	162		pw
A1run2eya Upanis2ad	ARUNEYAUPANISAD	xref	Atharvan2a Upanis2ads	0				
A1run2ika Upanis2ad	ARUNIKAUPANISAD	work		1	Ohne weiteres im PW.			PW
A1run2.Up.	ARUNUP	xref	A1run2eya Upanis2ad und A1run2ika Upanis2ad	0				
A1ryabhat2t2i1ya	ARYABHATTIYA	work		1	Ed. H. Kern, Leyden, 1874.  pw	169		pw
A1ryaman5jus4ri1na1masan2gi1 ti1	ARYAMANJUSRINAMASANGITI	work		1	Im Verzeichnis der Petersburger Sanskrithandschriften Nr. 121. PW			PW
A1ryavidya1sudha1kara	ARYAVIDYASUDHAKARA	work		1	Ed. Cimana Bhat2t2a, Bombay, 1868.  pw	175		pw
Asaha1ya	ASAHAYA	work		1	Ein Kommentator des Narada. pw			pw
As.	AS	xref	Asiatic Researches	0				
Asiatic Researches	ASIATICRESEARCHES	work		1	or Transactions of the Society instituted in Bengal, for inquiring into			
A1s4vala1yana Gr2hyasu1t4a	ASVALAYANAGRHYASUTA	work		2	1. Handschrift in 4 Adhya1ya. PW | 2. Ed. A. F. Stenzler, Leipzig, 1864-65.  pw	204		PW,pw
A1s4vala1yana S4rautasu1tra	ASVALAYANASRAUTASUTRA	work		2	1. Handschrift in 4 Adhya1ya. PW | 2. Ed. R. Vidya1ratna, Calcutta. 1864-75.  pw	207		PW,pw
Atharvan2a Upanis2ads	ATHARVANAUPANISADS	work		1	Ed. R. Tarkaratna, Calcutta, 1872-74.  PW, pw Mit	2811		PW,pw
Atharvaveda	ATHARVAVEDA	work		1	Ed. R. Roth und D. Whitney, Berlin, 1855.  PW, pw Mit Anukraman2ika1 (10 Pat2ala)	213		PW,pw
Atharvaveda der Paippala1da-Schule	ATHARVAVEDADERPAIPPALADASCHULE	work		1	Handschrift. pw			pw
A1tma Upanis2ad	ATMAUPANISAD	xref	Atharvan2a Upanis2ada	0				
A1tmop.	ATMOP	xref	A1tma Upanis2ad	0				
Aucitya1lam2ka1ra	AUCITYALAMKARA	work		1	Ohne weiteres im pw			pw
Aupapa1tikasu1tra	AUPAPATIKASUTRA	work		1	Ed. L. Leumann, Leipzig, 1883.  pw	238		pw
AV.	AV	xref	Atharvaveda	0				
Avada1nas4ataka	AVADANASATAKA	work		1	Eine buddhistische Legendensammlung. PW			PW
Avad.C11at.	AVADCAT	xref	Avada1nas4ataka	0				
AV.Anukr.	AVANUKR	xref	Atharvaveda	0				
AV.Gjot.	AVGJOT	xref	Jyotis2a zum Atharvaveda	0				
avj.	AVJ	abbrev	avyaya (zum Medini1kos4a)	0				
AV. Paipp.	AVPAIPP	xref	Atharvaveda der Paippala1da Schule	0				
AV. Paric11.	AVPARIC	xref	Atharvaveda	0				
AV.Pra1jac11k4.	AVPRAJACK	xref	Atharvaveda	0				
AV.Pra1t.	AVPRAT	xref	Atharvaveda	0				
Avyaya1neka1rthavarga	AVYAYANEKARTHAVARGA	xref	Medini1kos4a	0				
Ba1dar.	BADAR	xref	Ba1dara1yan2a	0				
Ba1dara1yan2a	BADARAYANA	xref	Brahmasu1tra	0				
B. A. J.	BAJ	abbrev	Bombay Asiatic Journal pw	0				
Ba1labodhani1	BALABODHANI	xref	S4am2kara	0				
Ba1lar.	BALAR	xref	Ba1ara1ma1yan2a	0				
Ba1lara1ma1yan2a	BALARAMAYANA	work		1	Ed. G. S4a1stri1, Benares, 1869.  pw	269		pw
Baudh.	BAUDH	xref	Baudha1yana	0				
Baudha1yana	BAUDHAYANA	work		1	Eine Schule zum schwarzen Yajurveda. Nach Zitaten in anderen Werken und			
Benf.Chr.	BENFCHR	xref	Handbuch der Snskritsprache	0				
Benf.Gr.	BENFGR	xref	Handbuch der Sanskritsprache	0				
Berichte d.k.s.Ges.d.Ww.	BERICHTEDKSGESDWW	abbrev	Berichte der königlich sächsischen	0				
Berlin:	BERLIN	work		0				
Berl.Mon.	BERLMON	xref	Monatsbericht	0				
Bhadraba1hucarita	BHADRABAHUCARITA	work		1	Ed. H. Jacobi, in: Z. d. d. m. G. 38, 19ff. pw			pw
Bhag.	BHAG	xref	Bhagavadgi1ta1	0				
Bhagana1dya1ya	BHAGANADYAYA	work		1	Ohne weiteres im pw.			pw
Bhagavadgi1ta1	BHAGAVADGITA	work		1	Ed. A. Schlegel, Bonn, 1846.  PW, pw		116	PW,pw
Bha1gavatapura1n2a	BHAGAVATAPURANA	work		1	Ed. E. Burnouf, Paris, 1840-44. <i>I.O. 359] PW, pw 9Skandha von U1ran			PW,pw
Bhagavati1	BHAGAVATI	work		1	Ed. A. Weber, Berlin, 1866.  pw	2777		pw
Bha1g.P.	BHAGP	xref	Bha1gavatapura1n2a	0				
4Bha1m.	BHAM	xref	Bha1mati1	0				
Bha1mati1	BHAMATI	work		1	Ed. Ba1las4a1stri1, 1876-80.  pw	521		pw
Bha1mini1vila1sa	BHAMINIVILASA	work		1	Ed. A. Bergaigne, Paris, 1872.  pw	400		pw
Bha1m.V.	BHAMV	xref	Bha1mini1vila1sa	0				
Bha1nud.	BHANUD	xref	Bha1nudi1ks2ita	0				
Bha1nudi1ks2ita	BHANUDIKSITA	work		1	Ein Kommentator des Amarakos4a. PW			PW
Bhar.	BHAR	xref	Bharata	0				
Bharata	BHARATA	work		1	Ein Autor über Schauspielkunst. Handschrift? PW			PW
Bharat2akadvatr2m2s4ika1	BHARATAKADVATRMSIKA	work		1	Handschrift. pw			pw
Bha1rati1yana1t2yas4a1stra	BHARATIYANATYASASTRA	work		1	In Halls Das4aru1pa am Ende. pw			pw
Bha1r.Na1t2jac11.	BHARNATJAC	xref	Bha1rati1yana1t2yas4a1stra	0				
Bhartr2.	BHARTR	xref	Bhartr2hari	0				
Bhartr2hari	BHARTRHARI	work		1	Ed. P. A. Bohlen, Berlin, 1833PW,pw Mit		156	PW,pw
Bha1s2apariccheda	BHASAPARICCHEDA	work		1	Ed. E. Röer, Calcutta, 1850.  PW, pw	422		PW,pw
Bha1s2ap.	BHASAP	xref	Bha1s2apariccheda	0				
Bha1skara	BHASKARA	xref	Siddha1ntas4iroman2i und Li1la1vati1 [pwj19]	0				
Bhat2t2.	BHATT	xref	Bhat2t2ika1vya	0				
Bhat2t2ika1vya	BHATTIKAVYA	work		1	Ed. Calcutta, 1828.  PW, pw	2165		PW,pw
Bha1vapr.	BHAVAPR	xref	Bha1vapraka1s4a	0				
Bha1vapraka1s4a	BHAVAPRAKASA	work		3	1. Nach Anführungen im S4KD. PW | 2. J. Vidya1sa1gara, Calcutta, 1875.  pw | 3. Handschrift. pw	438		PW,pw
Bhavishjott.	BHAVISHJOTT	xref	Bhavis2yottama Pura1n2a	0				
Bhavis2yapura1n2a	BHAVISYAPURANA	work		1	Handschrift. PW, pw			PW,pw
Bhavis2yottama Pura1n2a	BHAVISYOTTAMAPURANA	work		1	Nach Zitaten in anderen Werken and nach Mitteilungen von Th. Aufrecht. pw			pw
Bhav.Pur.	BHAVPUR	xref	Bhavis2yapura1n2a	0				
Bhog4a K.	BHOGAK	xref	Bhojacarita	0				
Bhojacarita	BHOJACARITA	work		1	Ed. Madras, 1862. pw			pw
Bhojaprabandha	BHOJAPRABANDHA	work		1	Ed. Benares, 1868.  pw	449		pw
Bhu1ripr.	BHURIPR	xref	Bhu1riprayoga	0				
Bhu1riprayo1ga	BHURIPRAYOGA	work		1	Ein Wörterbuch nach Anführungen im S4KD. PW			PW
Bibl.ind.	BIBLIND	abbrev	Bibliotheca indica	0				
Bibliotheca sanscrita	BIBLIOTHECASANSCRITA	work		1	Von Johannes Gildemeister, Bonn, 1847. PW, pw			PW,pw
Bi1g4ag.	BIGAG	xref	Bi1jagan2ita	0				
Bi1jagan2ita	BIJAGANITA	xref	Li1la1vati1	0				
Böhtlingk, Sanskrit Chresthomathie	BHTLINGKSANSKRITCHRESTHOMATHIE	xref	Sanrkrit Chresthomathie	0				
Bra1hmabindu1p.	BRAHMABINDUP	xref	Bra1hmabindu1panis2ad	0				
Bra1hmabindu1panis2ad	BRAHMABINDUPANISAD	xref	Atharvan2a Upanis2ads	0				
Bra1hman.	BRAHMAN	xref	Bra1hman2avila1pa	0				
Bra1hman2avila1pa	BRAHMANAVILAPA	xref	Indraloka1gamana	0				
Bra1hma1n2d2a P.	BRAHMANDAP	xref	Bra1hma1n2d2a Pura1n2a	0				
Bra1hma1n2d2a Pura1n2a	BRAHMANDAPURANA	work		1	Ohne weiteres im PW			PW
Brahma P.	BRAHMAP	xref	Brahma Pura1n2a	0				
Brahma Pura1n2a	BRAHMAPURANA	xref	Anthologia sanscritica [pwj20]	0				
Brahma S.	BRAHMAS	xref	Brahmasu1tra	0				
Brahmasu1tra	BRAHMASUTRA	work		1	Von Ba1dara1yana. 1. s. S4am2kara 2. Ed. K. M. Banerjea, Calcutta, 1870.			
Brahma Upanis2ad	BRAHMAUPANISAD	xref	Atharvan2a Upanis2ads	0				
Brahmav.	BRAHMAV	xref	Brahmavaivarta Pura1n2a	0				
Brahmavaivarta Pura1n2a	BRAHMAVAIVARTAPURANA	work		1	Ohne weiteres im PW und pw.			PW
Brahmop.	BRAHMOP	xref	Brahma Upanis2ad	0				
Br2hada1ran2yaka Upanis2ad	BRHADARANYAKAUPANISAD	work		2	Ed. E. Röer, Calcutta, 1849-56.  PW, pw | Ed. L. Poley, Bonn, 1844.  PW	541	78	PW,PW,pw
Br2hadd.	BRHADD	xref	Br2haddevata	0				
Br2haddevata	BRHADDEVATA	work		1	Ein Verzeichnis von Gottheiten im R2gveda von Saunaka. PW, pw In: R. Roth:			PW,pw
Br2haddharma P.	BRHADDHARMAP	xref	Br2haddharma Pura1n2a	0				
Br2haddharma Pura1n2a	BRHADDHARMAPURANA	work		1	Nach Anführungen im S4KD. PW			PW
Br2hajja1taka	BRHAJJATAKA	work		1	Ein Werk über Astrologie von Vara1hamihira. PW			PW
Br2hanm.	BRHANM	xref	Br2hanmanu	0				
Br2hanmanu	BRHANMANU	work		1	Nach Zitaten in verschiedenen juristischen Büchern. pw			pw
Br2h.A1r.Up.	BRHARUP	xref	Br2hada1ran2yaka Upanis2ad	0				
Br2hasp.	BRHASP	xref	Br2haspati	0				
Br2haspati	BRHASPATI	work		1	Verfasser eines Gesetzbuches nach Anführungen im Mita1ks2ara und			
Br2hatsam2hita1	BRHATSAMHITA	work		1	Ein Werk über Astrologie von Vara1hamihira. PW			PW
Br2h.Dev.	BRHDEV	xref	Br2haddevata	0				
Buddhokt.	BUDDHOKT	xref	Buddhoktasam2sa1ra1maya	0				
Buddhoktasam2sa1ra1maya	BUDDHOKTASAMSARAMAYA	work		1	Handschrift in der Pariser Bibliothek. Nach Schiefner. PW			PW
Bühler, G.	BHLERG	work		0				
Bühler, Guj.	BHLERGUJ	work		0				
Bühler, Rep.	BHLERREP	xref	Bühler. G.	0				
Bull. hist. phil.	BULLHISTPHIL	abbrev	Bulletin historicophilologique de l'Acade4mie	0				
Burnell, T.	BURNELLT	work		0				
Burn. Intr.	BURNINTR	xref	Introduction	0				
Burn. Lot. de la b.L.	BURNLOTDELABL	xref	Le Lotus	0				
Bydragen	BYDRAGEN	work		0				
c11	C	abbrev	s4es4a	0				
C11abdak4.	CABDAK	xref	S4abdacandrika1	0				
C11abdam.	CABDAM	xref	Sabdama1la1	0				
C11abdar.	CABDAR	xref	Sabdaratna1vali1	0				
C11abda1rn2.	CABDARN	xref	Sabda1rn2ava	0				
Caitanyacandrodaya	CAITANYACANDRODAYA	work		1	Ed. R. Mitra, Calcutta, 1854.  pw	574		pw
C11a1k.	CAK	xref	S4a1kuntala	0				
Cakradatta	CAKRADATTA	work		1	Ein Kommentator von Caraka und Sus4ruta. Handschrift. pw			pw
C11am2k.	CAMK	xref	S4am2kara	0				
C11am2kar.	CAMKAR	xref	S4am2kara	0				
C11am2k. Vig4.	CAMKVIG	xref	S4am2karavijaya	0				
Campaka	CAMPAKA	work		1	Ed. A. Weber, Berlin, 1883. pw In: Sitzungsberichte der königlich			pw
Ca1nakhya	CANAKHYA	xref	Ka1vyasam2graha	0				
C11a1n2d2.	CAND	xref	S4a1n2d2ilya	0				
Candra1loka	CANDRALOKA	work		1	Ohne weiteres im pw.			pw
C11a1n4kh.Br.	CANKHBR	xref	S4a1n3kha1yana Bra1hman2a	0				
C11a1n3kh. C11r.	CANKHCR	xref	S4a1n3kha1yana S4rautasu1tra	0				
C11a1n3kha. Gr2hjj.	CANKHAGRHJJ	xref	S4a1n3kha1yana Gr2hyasu1tra	0				
C11a1nt.	CANT	xref	S4a1ntanava	0				
C11a1ntic11.	CANTIC	xref	S4a1ntis4ataka [pwj22]	0				
Cantor	CANTOR	xref	Geschichte der Mathemathik	0				
Carakasm2hita1	CARAKASMHITA	work		1	Ed. J. Vidya1sa1gara, Calcutta, 1877.  pw	611		pw
C11a1ri3g. Paddh.	CARIGPADDH	xref	S4a1rn3gadhara Paddhati	0				
C11a1rn3g. Sam2.	CARNGSAM	xref	S4a9rn3gadhara Sam2hita1	0				
Ca1taka	CATAKA	work		1	Gedicht vom Vogel Ca1taka in der Zeitschrift für die Kunde des			
Cat. All.	CATALL	xref	Cudh	0				
C11atar. Up.	CATARUP	xref	S4atarudri1ya Upanis2ad	0				
C11at. Br.	CATBR	xref	S4atapatha Bra1hman2a	0				
Cat. C. Pr.	CATCPR	xref	Kielhorn	0				
Cat. Gujar.	CATGUJAR	xref	Bühler, Guj.	0				
Cat. Kielh.	CATKIELH	xref	Kielhorn	0				
Cat. NW. Pr.	CATNWPR	xref	North Western Provinces	0				
C11atr.	CATR	xref	S4atrum2jayamaha1tmya	0				
Caturadha1yika1	CATURADHAYIKA	work		1	Von S4aunaka. Ohne weiteres im PW.			PW
Caturbhuja	CATURBHUJA	work		1	Ein Scholiast des Maha1bha1rata. PW			PW
Caturvargacinta1man2i1	CATURVARGACINTAMANI	work		1	Von Hemadri. Ed. Bh. S4iroman2i, Calcutta, 1873-79.  pw	630		pw
Cat. willmot	CATWILLMOT	xref	Willmot	0				
C11aun. K4at.	CAUNKAT	xref	Caturadhya1yika1	0				
Caurapan5ca1s4ika1	CAURAPANCASIKA	work		2	1. s. Bhartr2hari | 2. Ed. M. Ariel, Journal asiatique, 4me Se4rie, Bd. 11, S. 469, pw			pw
Cha1ndogyaparis4is2t2a	CHANDOGYAPARISISTA	work		1	Nach Zitaten in anderen Werken. pw			pw
Cha1ndogya Upanis2ad	CHANDOGYAUPANISAD	xref	Taittiri1ya Upanis2ad	0				
Chandoman5jari1	CHANDOMANJARI	work		1	Ed. Brockhaus. In: Berichte über die Verhandlungen der königlich			
Childers R.C.	CHILDERSRC	work		0				
Chr.	CHR	xref	Sanskrit Chresthomathie	0				
C11ic11.	CIC	xref	S4is4upa1lavadha	0				
C11iv.	CIV	xref	S4ivana1masahasra [pwj23]	0				
C11KDr.	CKDR	abbrev	S4abdakalpadruma	0				
c11l.	CL	abbrev	Sloka	0				
C11obh.	COBH	xref	S4obhanastuti	0				
Colebr.	COLEBR	xref	Algebra und Miscellaneous Essays	0				
Commentary	COMMENTARY	work		0				
Commentatio	COMMENTATIO	work		0				
Corapan5ca1s4at	CORAPANCASAT	xref	Caurapan5ca1s4ika1	0				
Cr11a1ddhaviv.	CRADDHAVIV	xref	S4ra1ddhaviveka	0				
C11ri1dhar.	CRIDHAR	xref	S4ri1dharasva1min	0				
C11r1i1p.	CRIP	xref	S4ri1patti	0				
C11r2n4ga1rat.	CRNGARAT	xref	S4r2n4ga1ratilaka	0				
C11rut.	CRUT	xref	S4rutabodha	0				
C11uk. oder C11ukas.	CUKODERCUKAS	xref	S4ukasaptati	0				
C11ukran.	CUKRAN	xref	S4ukrani1ti	0				
C11ulbas.	CULBAS	xref	S4ulvasu1tra	0				
Cu1lika Upanis2ad	CULIKAUPANISAD	xref	Atharvan2a Upanis2ads	0				
Cunningham Arch Survey	CUNNINGHAMARCHSURVEY	xref	Archeological Survey	0				
C11veta1c11v. Up.	CVETACVUP	xref	S4veta1s4vatara Upanis2ad	0				
Dac11.	DAC	xref	Da1s4arathas Tod	0				
Dac11abh.	DACABH	xref	Das4abhumi1s4vara	0				
Dac11ack.	DACACK	xref	Das4akuma1racarita	0				
Daivatabra1hman2a	DAIVATABRAHMANA	work		2	1. Ed. S. S4a1masva1mi, Calcutta, 1875. 1876.  pw | 2. Ed.  s. Daivatabra1hman2a	674		pw
Daiv Br.	DAIVBR	xref	Daivatabra1hman2a	0				
Da1j. oder Da1jabh.	DAJODERDAJABH	xref	Da1yabha1ga	0				
Damayanti1katha1	DAMAYANTIKATHA	work		1	Handschrift. pw			pw
Darpadalana	DARPADALANA	work		1	Von Ks2emendra. Handschrift. pw			pw
Das4abhu1mi1s4vara	DASABHUMISVARA	work		1	Handschrift in der Pariser Bibliothek. Nach A. Schiefner. PW			PW
Das4akuma1racarita	DASAKUMARACARITA	work		3	1. Ed. H. H. Wilson, Berlin, 1846.  PW | 2. Ed. M. R. Kale, Bombay, 1925. (?)  pw | 3. Ed. G. Bühler, Bombay, 1887. 1891.  pw	692,691	236	PW,pw
Das4arathas Tod	DASARATHASTOD	xref	Sanskrit Chresthomathie	0				
Das4aru1pa	DASARUPA	work		1	Ed. F. E. hall, Calcutta, 1865.  pw	698		pw
Dattaka Mi1ma1m2sa1	DATTAKAMIMAMSA	work		1	Ed. J. C. C. Sutherland, Calcutta, 1817.  PW Mit		349	PW
Datt. Mi1m.	DATTMIM	xref	Dattaka Mi1ma1m2sa1	0				
Dattakas4iroman2i1	DATTAKASIROMANI	work		1	Ed. Bh. S4iroman2i1, Calcutta, 1867.  pw	707		pw
Da1yabha1ga	DAYABHAGA	work		1	Ed. K. Tarka1lam2ka1ra, Calcutta, 1829.  PW, pw	714		PW,pw
Dec11in.	DECIN	xref	Des4i1na1mama1la1	0				
Des4i1na1mama1la1	DESINAMAMALA	work		1	Ein Lexikon über Des4iformen im Prakrit von Hemacandra. Handschrift. pw			pw
Dev.	DEV	xref	Devi1ma1ha1tmya	0				
Devala	DEVALA	work		1	Nach Zitaten in verschiedenen juristischen Büchern. pw			pw
Devata1dhj. Bra1hm.	DEVATADHJBRAHM	xref	Daivatabra1hman2a	0				
Devi1bh1gavata1 Pua1n2a	DEVIBHGAVATAPUANA	work		1	Handschrift. pw			pw
Devi1ma1ha1tmya	DEVIMAHATMYA	work		1	Ed. L. Poley, Berlin, 1831.  PW		130	PW
Devi1 P.	DEVIP	xref	Devi1 Pura1n2a	0				
Devi1 Pura1n2a	DEVIPURANA	work		1	Nach Anführungen im S4KD. pw			pw
Dhammp.	DHAMMP	xref	Dhammapada	0				
Dhammapada	DHAMMAPADA	work		1	Ed. V. Fausböll, Kopenhagen, 1855. pw			pw
Dhanam2jayavijaya	DHANAMJAYAVIJAYA	work		1	Ed. T. Tarkava1caspati, Calcutta, 1871.  pw	752		pw
Dhanv.	DHANV	xref	Dhanvantaris Wörterbuch	0				
Dhanvantaris Wörterbuch	DHANVANTARISWRTERBUCH	work		1	Handschrift, pw			pw
Dhar.	DHAR	xref	Dharan2i1kos4a	0				
Dharan2i1kos4a	DHARANIKOSA	work		1	Ein Wörterbuch, angeführt im S4KD. PW			PW
Dharmas4a1stra	DHARMASASTRA	work		1	Die Darstellung der Lehre von den Schriften in Br2haspatis Dharmas4a1stra.			
Dha1tup.	DHATUP	xref	Dha1tupa1tha	0				
Dha1tupa1tha	DHATUPATHA	xref	Radices	0				
Dhu1rtan.	DHURTAN	xref	Dhu1rtanartaka	0				
Dhu1rtanartaka	DHURTANARTAKA	work		1	Handschrift. pw			pw
Dhu1rtas.	DHURTAS	xref	Dhu1rtasama1gama	0				
Dhu1rtasama1gama	DHURTASAMAGAMA	xref	Anthologia sanscritica	0				
Dh. V.	DHV	xref	Dhanam2jayavijaya	0				
Dhya1navindu1panis2ad	DHYANAVINDUPANISAD	xref	Atharvan2a Upanis2ads	0				
Divja1v.	DIVJAV	xref	Divya1vada1na	0				
Divya1vada1na	DIVYAVADANA	work		1	Handschrift. PW, pw			PW,pw
Donner, Pin2d2.	DONNERPIND	xref	Pin2d2apitr2yajn5a	0				
Dra1hya1yana	DRAHYAYANA	work		1	Verfasser eines S4rautasu1tras. PW			PW
Draup.	DRAUP	xref	Draupadi1prama1tha	0				
Draupadi1prama1tha	DRAUPADIPRAMATHA	xref	Arjunasama1gama	0				
Dravyas4uddhitattva	DRAVYASUDDHITATTVA	work		1	Handschrift. pw			pw
Durgad.	DURGAD	xref	Durgada1sa	0				
Durgada1sa	DURGADASA	work		1	Ohne weiteres im PW.			PW
Durga1rcatattva	DURGARCATATTVA	work		1	Nach Anführungen im S4KD. PW			PW
Durga1rk4at.	DURGARKAT	xref	Durga1rcatattva	0				
Dviru1pak.	DVIRUPAK	xref	Dviru1pakos4a	0				
Dviru1pakos4a	DVIRUPAKOSA	work		1	Eine Wortsammlung, nach Anführungen im S4KD. PW			PW
Dvived.	DVIVED	xref	Dvivedagan3ga	0				
Dvivedagan3ga	DVIVEDAGANGA	work		1	Ein Scholiast des Ma1dhyam2dina A1ran2yaka. PW			PW
Eitel, Chin. B.	EITELCHINB	work		1	Handbook forthe Student of Chinese Buddhism. Von E. J. Eitel, London			
Flora indica	FLORAINDICA	work		1	, or the Description of Indian Plants. Von W. Roxburg, Serampore, 1932.			
Führer, Br2h.	FHRERBRH	xref	Dharmas4a1stra	0				
G4a1b. Up.	GABUP	xref	Ja1ba1la Upanis2ad	0				
G4aim.	GAIM	xref	Jaimini	0				
Gal.	GAL	xref	Galanos	0				
Galanos	GALANOS	work		0				
ganapa1tha	GANAPATHA	xref	Pa1n2ini	0				
Ganar.	GANAR	xref	Ganaratnamahodadhi	0				
Ganaratnamahodadhi	GANARATNAMAHODADHI	work		1	1. s. Pa1n2ini || 2. Ed. J. Eggeling, London, 1879.  pw	851		pw
Gan2ita	GANITA	work		0				
Garbha Upanis2ad	GARBHAUPANISAD	xref	Atharvan2a upanis2ads	0				
Garbhop.	GARBHOP	xref	Garbha Upanis2ad	0				
Ga1ruda Upanis2ad	GARUDAUPANISAD	xref	Atharvan2a Upanis2ads	0				
Ga1r. Up.	GARUP	xref	Ga1ruda Upanis2ad	0				
G4ata1dh.	GATADH	xref	Jata1dhara	0				
Gaudap.	GAUDAP	xref	Gaudapa1da	0				
Gaudapa1da	GAUDAPADA	work		2	1. Ein Scholiast zur Sa1m2khya Ka1rika1. PW, pw | 2. Ein Scholiast zur Ma1n2d2u1kya Upanis2ad. PW			PW,PW,pw
Gaut.	GAUT	xref	Gautamadharmas4a1stra	0				
Gautamadharmas4a1stra	GAUTAMADHARMASASTRA	work		1	Ed. A. F. Stenzler, London, 1876.  pw	893		pw
Gel. Anzz. d.k.b.Ak.d.Ww.	GELANZZDKBAKDWW	abbrev	Gelehrte Anzeigen der königlich	0				
Geschichte der Mathemathik	GESCHICHTEDERMATHEMATHIK	work		1	Von M. B. Cantor, Heidelberg, 1880-1908. pw			pw
Geschichte des Buddhismus	GESCHICHTEDESBUDDHISMUS	work		1	Von Ta1rana1tha. Aus dem Tibetischen übersetzt von A. Schiefner. pw			pw
Geschichte des Vidu1s2aka	GESCHICHTEDESVIDUSAKA	xref	Sanskrit Chresthomathie	0				
Ghat2.	GHAT	xref	Ghat2akarpara [pwj27]	0				
Ghat2akarpara	GHATAKARPARA	xref	Amarus4ataka	0				
Gild. Bibl.	GILDBIBL	xref	Bibliotheca sanscrita	0				
Gild. Scriptorum Arabum	GILDSCRIPTORUMARABUM	xref	Scriptorum Arabum	0				
Gi1t.	GIT	xref	Gi1tagovinda	0				
Gi1tagovinda	GITAGOVINDA	work		1	Ed. Chr. Lassen, Bonn, 1836.  PW, pw	912		PW,pw
G4jot.	GJOT	xref	Jyotis2am	0				
G4jotishat.	GJOTISHAT	xref	Jyotis2atattva	0				
Gobh.	GOBH	xref	Gobhile Gr2hyasu1tra	0				
Gobh. C11ra1ddhak.	GOBHCRADDHAK	xref	Gobhilagr2hyasu1tra	0				
Gohilagr2hyasu1tra	GOHILAGRHYASUTRA	work		2	1. Nach Mitteilungen von A. Weber. PW | 2. Ed. Tarka1lam2ka1ra, Calcutta, 1871-80.  pw Mit	924		PW,pw
Gola1dhj.	GOLADHJ	xref	Gola1dhya1ya	0				
Gola1dhya1ya	GOLADHYAYA	xref	Siddha1ntas4iroman2i	0				
Gold.	GOLD	xref	Goldstückers Wörterbuch	0				
Goldstückers Wörterbuch	GOLDSTCKERSWRTERBUCH	work		0				
Gopathabra1hman2a	GOPATHABRAHMANA	work		1	Ed. R. Mitra, H. Vidya1bhu1s2an2a, Calcutta, 1872.  pw	943		pw
Gop. Br.	GOPBR	xref	Gopathabra1hman2a	0				
Gorr.	GORR	xref	Gorresio	0				
Gorresio	GORRESIO	xref	Ra1ma1yan2a	0				
Gotama	GOTAMA	xref	Nya1ya	0				
Got. S.	GOTS	xref	Nya1yasu1tra	0				
Govardh.	GOVARDH	xref	Govardhana	0				
Govardhana	GOVARDHANA	xref	Saptas4ati	0				
Govindabh.	GOVINDABH	xref	Govindabhat2t2a	0				
Govindabhat2t2a	GOVINDABHATTA	work		1	Ohne weiteres im PW.			PW
Govinda1n.	GOVINDAN	xref	Govinda1nanda	0				
Govinda1nanda	GOVINDANANDA	work		1	Glossator zu S4am2karas Kommentar zu Ba1dara1yan2a. pw			pw
Gr2hjas.	GRHJAS	xref	Gr2hysam2graha	0				
Gr2hjasam2gr.	GRHJASAMGR	xref	Gr2hyasam2grahaparis4is2t2a	0				
Gr2hyasam2graha	GRHYASAMGRAHA	abbrev	Gobhila Gr2hyasu1tra	0				
Gr2hyasam2grahaparis4is2t2a	GRHYASAMGRAHAPARISISTA	work		1	Zum Gobhila Gr2hyasu1tra. Handschrift. PW			PW
H.	H	abbrev	Hemacandra	0				
Haeb. Anth.	HAEBANTH	xref	Haeberlins Chresthomathie (Anthologie)	0				
Heab. Chrest.	HEABCHREST	xref	Haeberlins Chresthomathie	0				
Haeberlins Chresthomathie	HAEBERLINSCHRESTHOMATHIE	xref	Ka1vyasam2graha	0				
Ha1la	HALA	xref	Saptas4ataka	0				
Ha1laj.	HALAJ	xref	Ha1la1yuddha	0				
Ha1la1yuddha	HALAYUDDHA	work		1	Ein Lexikograph 1. Nach Anführungen im S4KD. PW 2. Ha1la1yuddhas			PW
Ham2sa Upanis2ad	HAMSAUPANISAD	xref	Atharvan2a Upanis2ads	0				
Ham2sop.	HAMSOP	xref	Ham2sa Upanis2ad	0				
H.an.	HAN	xref	Aneka1rthasam2graha	0				
Handbuch der Sanskritsprache	HANDBUCHDERSANSKRITSPRACHE	work		1	Von Theodor Benfey, Leipzig, 1853, 1954. PW 1. Vollständige Grammatik 2.			PW
Hanumaduktara1mopanis2ad	HANUMADUKTARAMOPANISAD	xref	Atharvan2a Upanis2ads	0				
Hanum. Up.	HANUMUP	xref	Hanumaduktara1mopanis2ad	0				
Ha1r.	HAR	xref	Ha1ra1vali1	0				
Ha1ra1vali1	HARAVALI	work		0				
Harisv.	HARISV	xref	Harisva1min	0				
Harisva1min	HARISVAMIN	work		1	Ein Scholiast des S4atapathabra1hman2a. PW, pw			PW,pw
Hariv.	HARIV	xref	Harisvam2s4a	0				
Harivam2s4a	HARIVAMSA	work		1	1. Ed. M. A. Langlois, London, 1834. 1835.  PW, pw 2. und 3.		122	PW,pw
Hariv. Langl.	HARIVLANGL	xref	harivam2s4a	0				
Hars2acarita	HARSACARITA	work		1	Von Ba1na. Ed. J. Vidya1sa1gara, Calcutta, 1876.  pw	1042		pw
Harshak4.	HARSHAK	xref	Hars2acarita	0				
Ha1sj.	HASJ	xref	Ha1sya1rn2ava	0				
Ha1sya1rn2ava	HASYARNAVA	work		2	1. Handschrift. pw | 2. Ed. C. Cappeller, Jena, 1883.  pw	1049		pw
Haug.	HAUG	work		1	Uber das Wesen und den Wert des vedischen Akzentes, München, 1874. pw			pw
Haughton	HAUGHTON	work		0				
H. c11.	HC	abbrev	S4es4as in Hemacandras Abhidha1nacinta1man2i1, Seite	0				
Hemacandra	HEMACANDRA	xref	Abhidha1nacinta1man2i1 und Aneka1rthasam2graha	0				
Hemacandras Prakrit Grammtik	HEMACANDRASPRAKRITGRAMMTIK	work		2	1. Ed. Bombay, 1872.  pw | 2. Ed. R. Pischel. Halle, 1877, 1880.  pw	1938,1938		pw
Hemacandras Yogas4a1stra	HEMACANDRASYOGASASTRA	xref	Yogas4a1stra	0				
Hema1dri	HEMADRI	xref	Caturvargacinta1man2i1	0				
Hem. Jog.	HEMJOG	xref	Yogas4a1stra	0				
Hem. Par.	HEMPAR	xref	Paris4is2t2aparvan	0				
Hem. Pr. Gr.	HEMPRGR	xref	Hemacandras Prakrit Grammatik	0				
Hessler	HESSLER	xref	Sus4ruta	0				
Hid.	HID	xref	Hidimbavadha	0				
Hidimbavadha	HIDIMBAVADHA	xref	Indraloka1gamana	0				
Hillebrandt	HILLEBRANDT	work		0				
Hindu Th. (Wilson)	HINDUTHWILSON	xref	Wilson	0				
Hiouen Thsang	HIOUENTHSANG	work		1	1. Histoire de la vie de Hiouen Thsang et de ses voyages			
Hit.	HIT	abbrev	Hitopades4a	0				
Hit. ed. Johns.	HITEDJOHNS	xref	Hitopades4a	0				
Hitopades4a	HITOPADESA	work		2	1. Ed. Schlegel und Lassen, Bonn, 1829.  PW, pw | 2. Ed. F. Johnson, London, 1847-48.  pw	1070	225	PW,pw,pw
Hit. Pr.	HITPR	abbrev	Prooemium zum Hitopades4a	0				
Hora1c11.	HORAC	xref	Hora1s4a1stra	0				
Hora1s4a1stra	HORASASTRA	work		1	Ohne weiteres im PW.			PW
Hort. beng.	HORTBENG	xref	Hortus bengalensis	0				
Hort. calc.	HORTCALC	xref	Hortus suburbanus calcuttensis	0				
Hortus bengalensis	HORTUSBENGALENSIS	work		1	Zitiert nach haughtons Wörterbuch. PW			PW
Hortus subrubanus calcuttensis	HORTUSSUBRUBANUSCALCUTTENSIS	work		1	A Catalogue of Plants. Von J. O. Voigt, Calcutta, 1845. PW			PW
I1c11op.	ICOP	xref	I1s4a Upanis2ad	0				
Ind. Antiq.	INDANTIQ	xref	Indian Antiquary	0				
Ind. d. Kand4.	INDDKAND	xref	Index des Kanjur	0				
Index des Kanjur	INDEXDESKANJUR	work		1	Ed. I. J. Schmidt, St. Petersburg, 1845. PW			PW
India	INDIA	work		0				
Indische Altertumskunde	INDISCHEALTERTUMSKUNDE	work		1	Von Chr. Lassen, Bonn, 1844-62. PW. pw			PW
Indisches Erbrecht	INDISCHESERBRECHT	work		1	Von A. Mayr, Wien, 1873. pw			pw
Indische Sprüche	INDISCHESPRCHE	work		1	Von O. Böhtlingk, St. Petersburg, 1863-65.  PW, pw	1087		PW,pw
Indisches Schuldrecht	INDISCHESSCHULDRECHT	work		1	Von J. Jolly, Münchner philos. --phil. Abhandlungen, 1877. S. 528ff pw			pw
Indische Streifen	INDISCHESTREIFEN	work		1	Von A. Weber, Berlin, 1868. 1869. pw			pw
Indische Studien	INDISCHESTUDIEN	work		1	Von A. Weber, Berlin, 1855-98. PW, pw Mit: Pra1tis4a1khya zur			PW,pw
Indr.	INDR	xref	Indraloka1gamana	0				
Indraloka1gamana	INDRALOKAGAMANA	work		0				
Ind. St.	INDST	xref	Indische Studien	0				
Ind. Str.	INDSTR	xref	Indische Streifen	0				
Institutiones Linguae Pracriticae	INSTITUTIONESLINGUAEPRACRITICAE	work		1	Von Chr. Lassen, Bonn, 1837. PW			PW
Institt. (Lassen)	INSTITTLASSEN	xref	Institutiones Linguae Pracriticae	0				
Introduction a l'histoire indienne	INTRODUCTIONALHISTOIREINDIENNE	work		1	Von M. E. Burnouf, Paris, 1844. PW, pw			PW,pw
I1s4a Upanis2ad	ISAUPANISAD	xref	Taittiri1ya Upanis2ad	0				
Itih.	ITIH	abbrev	Itiha1sa	0				
Ja1ba1la Upanis2ad	JABALAUPANISAD	xref	Atharvan2a Upanis2ads	0				
Ja1g4n4.	JAGN	xref	Ya1jn5avalkya [pwj31]	0				
Ja1g4n4ad. (Lois. )	JAGNADLOIS	xref	Ya1jn5adattavadha	0				
Ja1g4n4ikad. Paddh. zu Ka1tj. C11r.	JAGNIKADPADDHZUKATJCR	xref	Ya1jn5ikadevas Paddhati	0				
Jag4. V.	JAGV	xref	Yajurveda	0				
Jaimini	JAIMINI	xref	Mi1ma1m2sa1	0				
Jaimini1yanya1yama1la1vista1ra	JAIMINIYANYAYAMALAVISTARA	work		1	Ed. Th. Goldstücker, E. B. Cowell, London, 1878.  pw	1621		pw
J. A. O. S.	JAOS	abbrev	Journal of the American Orientel Society. pw	0				
J. A. S. Beng.	JASBENG	abbrev	Journal of the Asiatic Society of Bengal. pw	0				
Jata1dhara	JATADHARA	work		1	Ein Lexikograph, angeführt im S4KD. PW, pw			PW,pw
Ja1takama1la1	JATAKAMALA	work		1	Ohne weiteres im pw.			pw
Javanec11.	JAVANEC	xref	Yavanes4vara	0				
Jogac11. Up.	JOGACUP	xref	Yogas4ikha Upanis2ad	0				
Jogas.	JOGAS	xref	Yogasu1tra	0				
Jogat. Up.	JOGATUP	xref	Yogatattva Upanis2ad	0				
Jolly	JOLLY	xref	Indisches Schuldrecht	0				
Journ. as.	JOURNAS	abbrev	Journal Asiatique	0				
Journ. of the Am. Or. S.	JOURNOFTHEAMORS	abbrev	Journal of the American Oriental Society.	0				
J.R.A.A.	JRAA	abbrev	Journal of the Royal Asiatic Society	0				
Jyotis2am	JYOTISAM	work		1	Uber den Vedakalender namens Jyotis2am. Von A. Weber, Berlin, 1862. pw			pw
Jyotis2a zum Atharvaveda	JYOTISAZUMATHARVAVEDA	work		1	Handschrift. pw			pw
Jyotis2atattva	JYOTISATATTVA	work		1	Nach Anführungen im S4KD. PW			PW
Ka1c11.	KAC	xref	Ka1s4ika1 Vr2tti	0				
Ka1d. oder Ka1damb.	KADODERKADAMB	xref	Ka1dambari	0				
Ka1dambari1	KADAMBARI	work		2	1. Handschrift. PW | 2. Ed. Calcutta, 1852.  pw	1203		PW,pw
Kaij.	KAIJ	xref	Kaiyata	0				
K4aitanj.	KAITANJ	xref	Caitanyacandrodaya	0				
Kaivaljob.	KAIVALJOB	xref	Kaivalya Upanis2ad	0				
Kaivalya Upanis2ad	KAIVALYAUPANISAD	xref	Atharvan2a Upanis2ads	0				
Kaiv. Up.	KAIVUP	xref	Kaivalya Upanis2ad [pwj32]	0				
Kaiyata	KAIYATA	work		1	Ein Kommentator zum Maha1bha1s2ya. PW			PW
K4akr.	KAKR	xref	Cakradatta	0				
Ka1lacakra	KALACAKRA	work		1	Handschrift. pw			pw
Ka1lak4.	KALAK	xref	Ka1lacakra	0				
Ka1lanirn2aya	KALANIRNAYA	work		1	Von Ma1dhava. Ohne weiteres im pw.			pw
Ka1lasam2kalita1	KALASAMKALITA	work		1	Zitiert nach Haughtons Wörterbuch. PW			PW
Ka1lid.	KALID	abbrev	Ka1lida1sa	0				
Ka1lika P.	KALIKAP	xref	Ka1lika Pura1n2a	0				
Ka1lika1 Pura1n2a	KALIKAPURANA	work		1	Nach Anführungen im S4KD. PW			PW
Kalpadruma1v.	KALPADRUMAV	xref	Kalpadruma1vada1na	0				
Kalpadruma1vada1na	KALPADRUMAVADANA	work		1	Handschrift in der Pariser Bibliothek. Nach Schiefner. PW			PW
Kalpas.	KALPAS	xref	Kalpasu1tra	0				
Kalpasu1tra	KALPASUTRA	work		1	Von Bhadraba1hu. Ed. H. Jacobi, Leipzig, 1879.  pw	1231		pw
Ka1mandaki1yani1tisa1ra	KAMANDAKIYANITISARA	work		1	Ed. R. Mitra, Calcutta, 1861.  pw	1861		pw
Ka1m. Ni1tis.	KAMNITIS	xref	Ka1mandaki1yani1tisa1ra	0				
K4a1n2:	KAN	xref	Ca1n2akhya	0				
Kan2.	KAN	xref	Kan2a1da	0				
Kan2a1da	KANADA	xref	Vais4es4ika	0				
Ka1n2d2.	KAND	xref	Ka1n2d2u1pa1khya1na	0				
Kan2d2ak.	KANDAK	xref	Kan2d2akaus4ika1	0				
kan2d2akaus4ika1	KANDAKAUSIKA	work		1	Von Ks2emi1s4vara. pw			pw
Kandjur	KANDJUR	xref	Index des Kandjur	0				
Ka1n2d2u1pa1khya1na	KANDUPAKHYANA	xref	Anthologia sanscritica	0				
Kan2t2haer. Up.	KANTHAERUP	xref	Kan2t2has4ruti Upanis2ad	0				
Kan2t2ahas4ruti Upanis2ad	KANTAHASRUTIUPANISAD	xref	Atharvan2a Upanis2ads	0				
Kap.	KAP	xref	Kapila	0				
Kap. (Ball. )	KAPBALL	xref	Kapila	0				
Ka1pi1c11.	KAPIC	xref	Ka1pi1s4a1vada1na	0				
Kapila	KAPILA	xref	Sa1m2khya [pwj33]	0				
Ka1pi1s4a1vada1na	KAPISAVADANA	work		1	Handschrift in der Pariser Bibliotherk. Nach Schiefner. PW			PW
Kapis2t2halakatha1sam2hita1	KAPISTHALAKATHASAMHITA	work		1	Handschrift. pw			pw
Kap.	KAP	xref	Kapis2t2halakatha1sam2hita1	0				
Ka1r.	KAR	xref	Ka1rika1	0				
Ka1ran2d2.	KARAND	xref	Ka1ran2d2avyu1ha	0				
Ka1ran2d2avyu1ha	KARANDAVYUHA	work		1	Ed. S. S4a1masva1mi, Calcutta, 1873.  pw	1972		pw
Ka1rika1	KARIKA	work		1	Ohne weiteres im PW und pw.			PW
Karmapr.	KARMAPR	xref	Karmpradi1pa	0				
Karmapradi1pa	KARMAPRADIPA	work		1	Steht unter dem Falschen Titel Ka1tja1jana Smr2ti im			
Ka1s4ika1 Vr2tti	KASIKAVRTTI	work		1	In der Zeitschrift "The Pandit", 7 fgg und in Böhtlingks Einleitung zum			
Ka1s4ikhan2d2a	KASIKHANDA	work		1	Handschrift. pw			pw
Ka1t.	KAT	xref	Ka1tavema	0				
Ka1t.	KAT	xref	Ka1tantra	0				
K4a1t.	KAT	xref	Ca1taka	0				
Ka1tantra	KATANTRA	work		1	Ed. J. Eggeling, Calcutta, 1874.  pw	1282		pw
Ka1tavema	KATAVEMA	work		1	Ein Scholiast des S4a1kuntala. PW			PW
Ka1thaka.	KATHAKA	work		1	Eine Rezension des weissen Yajurveda. Handschrift. PW. pw			PW
Ka1thakagr2hyasu1tra	KATHAKAGRHYASUTRA	work		1	Handschrift. pw			pw
Ka1tha1rn2ava	KATHARNAVA	work		1	Handschrift. pw			pw
Katha1s.	KATHAS	xref	katha1saritsa1gara	0				
Katha1saritsa1gara	KATHASARITSAGARA	work		1	Ed. Brokhaus, Leipzig, 1839-43.  PW, pw	1288		PW,pw
Kat2ha Upanis2ad	KATHAUPANISAD	xref	Taittiri1ya Upanis2ad	0				
Ka1th.Gr2hj.	KATHGRHJ	xref	Ka1thaka Gr2hyasu1tra	0				
Kathina1vada1na	KATHINAVADANA	work		1	Handshrift nach Schiefner. PW			PW
Kat2hop.	KATHOP	xref	Kat2ha Upanis2ad	0				
Ka1tj.	KATJ	xref	Ka1tya1yana	0				
Ka1tj. C11ra1ddhak.	KATJCRADDHAK	xref	Ka1tya1yana S4ra1ddhakalpasu1tra	0				
Ka1tj. Dh.	KATJDH	xref	Ka1tya1yana Dharmasu1tra	0				
Ka1tj. Paddh.	KATJPADDH	xref	Ka1tya1yana S4rautasu1tra	0				
K4aturbh.	KATURBH	xref	Caturbhuja	0				
Ka1tya1yana Dharmasu1tra	KATYAYANADHARMASUTRA	work		1	Ohne weiteres im pw.			pw
Ka1tya1yana Sna1nasu1tra	KATYAYANASNANASUTRA	work		1	Ohne weiteres im pw.			pw
Ka1tya1yana S4ra1ddhakalpasu1tra	KATYAYANASRADDHAKALPASUTRA	work		1	Ohne weiteres im pw.			pw
Ka1tya1yana S4rautasu1tra	KATYAYANASRAUTASUTRA	xref	Yajurveda	0				
Kauc11.	KAUC	xref	Kaus4ikasu1tra	0				
K4aurap.	KAURAP	xref	Caurapan5ca1s4ikha1	0				
Kaush. A1r.	KAUSHAR	xref	Kaus4i1taki1 A1ran2yaka	0				
Kaush. Br.	KAUSHBR	xref	Kaus4i1taki1 Bra1hman2a	0				
Kaush. Up.	KAUSHUP	xref	Kaus4i1taki1 Bra1hman2a Upanis2ad	0				
Kaus4ikasu1tra	KAUSIKASUTRA	work		1	Zum Atharvaveda. Handschrift. PW, pw			PW,pw
Kaus4i1taki1 A1ran2yaka	KAUSITAKIARANYAKA	work		1	Ohne weiteres im pw.			pw
Kaus4i1taki1 Bra1hman2a	KAUSITAKIBRAHMANA	work		1	Ohne weiteres im PW.			PW
Kaus4i1taki1 Bra1hman2a Upanis2ad	KAUSITAKIBRAHMANAUPANISAD	xref	Atharvan2a Upanis2ads	0				
Kautukar.	KAUTUKAR	xref	Kautukaratna1kara	0				
Kautukaratna1kara	KAUTUKARATNAKARA	work		1	Handschrift. pw			pw
Kavikalpadr.	KAVIKALPADR	xref	Kavikalpadruma	0				
Kavikalpadruma	KAVIKALPADRUMA	work		1	Eine Wortsammlung, Angeführt im S4KD. PW			PW
Kavikan2t2ha1bharan2a	KAVIKANTHABHARANA	work		1	Von Ks2emendra. Ed. J. Schönberg, Wien, 1884.  pw	1308		pw
Ka1vjak4.	KAVJAK	xref	Ka1vyacandrika1	0				
Ka1vjapr.	KAVJAPR	xref	Ka1vyapraka1s4a	0				
Ka1vyacandrika1	KAVYACANDRIKA	work		1	Ein Lehrbuch der Rhetorik, nach Anführungen im S4KD. PW			PW
Ka1vya1lm2ka1ra	KAVYALMKARA	work		1	Von Va1mana. Mit Vr2tti. Ed. C. Cappeller, Jena, 1875.  pw	1316		pw
Ka1vyalokalocana	KAVYALOKALOCANA	work		1	Handschrift. pw			pw
Ka1vyapraka1s4a	KAVYAPRAKASA	work		1	Ed. Calcutta, 1829.  PW, pw		265	PW,pw
Ka1vyasam2graha	KAVYASAMGRAHA	work		1	A Sanscrit Anthology. Von J. Haeberlin, Calcutta, 1847. PW, pw Mit:			PW,pw
Kena Upanis2ad	KENAUPANISAD	xref	Taittiri1ya Upanis2ad	0				
Kenop.	KENOP	xref	Kena Upanis2ad	0				
Khan2d2apras4asti	KHANDAPRASASTI	work		1	Im Pandit: Band 5 und 6. pw			pw
K4han2d2om.	KHANDOM	xref	Chan2d2oman5jari1	0				
K4ha1nd. Up.	KHANDUP	xref	Cha1ndogya Upanis2ad	0				
Kielhorn	KIELHORN	work		0				
Kir.	KIR	xref	Kira1ta1rjuni1ya	0				
Kira1ta1rjuni1ya	KIRATARJUNIYA	work		1	Ed. Calcutta, 1814.  PW, pw		139	PW,pw
Kopenhagen	KOPENHAGEN	work		1	Verzeichnis der Kopenhagener Sanskrit Handschriften Von Westergaard. pw			pw
Kos.	KOS	xref	Kosegarten	0				
Kosegarten	KOSEGARTEN	xref	Pan5catantra	0				
Kosht2ipr.	KOSHTIPR	xref	Kos2t2ipradi1pa	0				
Kos2t2ipradi1pa	KOSTIPRADIPA	work		1	Nach Anführungen im S4KD. PW			PW
Kriya1sam2.	KRIYASAM	xref	Kriya1sam2uccaya	0				
Kriya1sam2uccaya	KRIYASAMUCCAYA	work		1	Handschrift in der Pariser Bibliotherk. Nach Schiefner. PW			PW
Kr2shis.	KRSHIS	xref	Kr2s2isam2graha	0				
Kr2s2isam2graha	KRSISAMGRAHA	work		1	Von Paras4ara. Ed. Calcutta, 1862. pw			pw
Kr2s2n2ajanma1s2t2ami1	KRSNAJANMASTAMI	work		1	Ed. A. Weber, pw.			pw
Ks2emendra	KSEMENDRA	xref	Kavikan2t2ha1bharan2a	0				
Ks2emi1s4vara	KSEMISVARA	xref	Kan2d2akaus4ika1	0				
Kshiti1c11.	KSHITIC	xref	Ks2iti1s4avam2s4avali1carita	0				
Kshur. Up.	KSHURUP	xref	Ks2urika Upanis2ad	0				
Kshurikop.	KSHURIKOP	xref	Ks2urika Upanis2ad	0				
Ks2iti1s4avam2s4avali1carita	KSITISAVAMSAVALICARITA	work		1	Ed. W. Pertsch, Berlin, 1852.  pw	1401		pw
Ks2urika Upanis2ad	KSURIKAUPANISAD	xref	Atharvan2a Upanis2ads	0				
Kuhn's Z.	KUHNSZ	abbrev	Zeitschrift für vergleichende Sprachforschung auf dem	0				
Kula1rn2ava	KULARNAVA	work		1	Handschrift. pw			pw
K4u1likop.	KULIKOP	xref	Cu1lika Upanis2ad	0				
Kull.	KULL	xref	Kullu1ka	0				
Kullu1ka	KULLUKA	xref	Manu	0				
Kuma1ras.	KUMARAS	xref	Kuma1rasam2bhava	0				
Kuma1rasam2bhava	KUMARASAMBHAVA	work		2	1. Ed. A. F. Stenzler, Berlin, 1838.  PW, pw | 2. Ed. T. Tarkava1caspati, Calcutta, 1868.  pw	1406,1408		PW,pw,pw
Kuma1rasv.	KUMARASV	xref	Kuma1rasva1min	0				
Kuma1rasva1min	KUMARASVAMIN	work		1	Ein Kommentator des Prata1parudri1ya. pw			pw
Kunt.	KUNT	xref	Kunta1pa	0				
Kunta1pa	KUNTAPA	work		1	10 Lieder, die einen besonderen Abschnitt von AV Buch 20 bilden. PW			PW
Ku1rma P.	KURMAP	xref	Ku1rma Pura1n2a	0				
Ku1rma Pura1n2a	KURMAPURANA	work		1	Ohne weiteres im PW.			PW
Kusum.	KUSUM	xref	Kusuman5jali1	0				
Kusuman5jali1	KUSUMANJALI	work		1	Von Udayana. Ed. E. B. cowell, Calcutta, 1864.  pw	1807		pw
Kuvala1j.	KUVALAJ	xref	Kuvala1ya1nanda	0				
Kuvalaya1nanda	KUVALAYANANDA	work		2	1. Nach 2 lithographierten Ausgaben. pw | 2. Von Appaya Di1ks2ita. Ed. Poona, 1846.  PW	1426		PW,pw
LA.	LA	xref	Lassen	0				
Laghug4.	LAGHUG	xref	Laghuja1taka	0				
Laghuja1taka	LAGHUJATAKA	work		1	Von Vara1hamihira. PW, pw			PW,pw
Laghuk.	LAGHUK	xref	Laghukaumudi1	0				
Laghukaumudi1	LAGHUKAUMUDI	work		2	1. Ed. Calcutta, 1811.  PW | 2. Ed. Ballantyne, Benares, 1867.  pw	1437	245	PW,pw
Lalit.	LALIT	xref	Lalitavista1ra	0				
Lalitavista1ra	LALITAVISTARA	work		2	1. Ed. R. Mitra, Calcutta, 1853. 1877.  PW, pw | 2. Rg Tcher Rol Pa ou De4velopment des Jeux. Ed. Ph. Ed. Foucaux, Paris	1465		PW,pw
Lassen	LASSEN	xref	Anthologia sanscritica, Indische Altertumskunde und	0				
La1tj.	LATJ	xref	La1tya1yana S4rautasu1tra	0				
La1tya1yana S4rautasu1tra	LATYAYANASRAUTASUTRA	work		2	1. Ed. A. Veda1ntava1gi1s4a, Calcutta, 1870-72.  pw | 2. Handschrift. PW	1468		PW,pw
Lebens.	LEBENS	xref	Lebensbeschreibung	0				
Lebensbeschreibung	LEBENSBESCHREIBUNG	work		0				
Le Lotus	LELOTUS	work		0				
Leumann	LEUMANN	xref	Aupapa1tikasu1tra	0				
Lex. sanscr. tib.	LEXSANSCRTIB	xref	Vyutpatti	0				
Lia.	LIA	xref	Indische Altertumskunde	0				
Li1lia1vati1	LILIAVATI	work		1	Von Bha1skara A1cha1rya. (Bhi1jagan2ita) Ed. Calcutta, 1846.	2466		
Lin3ga P.	LINGAP	xref	Lin3ga Pura1n2a	0				
Lin3ga Pura1n2a	LINGAPURANA	work		1	Ohne weiteres im PW.			PW
List of Sanscrit Manuscripts	LISTOFSANSCRITMANUSCRIPTS	xref	Oppert	0				
Lit. (Web. )	LITWEB	xref	Akademische Vorlesungen	0				
L.K.	LK	xref	Laghukaumudi1	0				
Lois.	LOIS	xref	Loiseleur	0				
Loiseleur	LOISELEUR	xref	Manu	0				
Lot. de la b.L.	LOTDELABL	xref	Le Lotus	0				
M.	M	xref	Ma1navadharmas4as4a1stra [pwj38]	0				
Mac11.	MAC	xref	Mas4aka Kalpasu1tra	0				
Madanav.	MADANAV	xref	Madanavinoda	0				
Madanavinoda	MADANAVINODA	work		2	1. Ed. Benares, 1869. pw | 2. Handschrift. pw			pw
Ma1dhavak.	MADHAVAK	xref	Ma1dhavaka1ra	0				
Ma1dhavaka1ra	MADHAVAKARA	work		1	Verfasser der Rugvinis4caya. PW			PW
Ma1dhj. Rec.	MADHJREC	xref	S4atapathavra1hman2a	0				
Ma1dh. Ka1lan2.	MADHKALAN	xref	Ka1lanirn2aya	0				
Madhus.	MADHUS	xref	Madhusu1dhanasarasvati	0				
Madhusu1danasarasvati	MADHUSUDANASARASVATI	xref	Indische Studien	0				
Ma1ga	MAGA	work		0				
Maha1bh.	MAHABH	xref	Maha1bha1s2ya oder Maha1bha1rata	0				
Maha1bha1rata	MAHABHARATA	work		3	1. Eine Bombayer und Calcuttaer Ausgabe. pw | 2. Ed. Calcutta, 1834-39. . PW. Mit Harivam2s9a | 3. Ed. Vardhama1na, Burdwan, 1784, 1803.  pw	1497	93	PW,pw
Maha1bha1s2ya	MAHABHASYA	work		3	1. Eine Edition aus Benares. pw | 2. Ed. F. Kielhorn, Bombay, 1880-85.  pw | 3. Erawähnt in Böhtlingks Pa1n2ini Ausgabe. PW	185		PW,pw
Maha1c11.	MAHAC	xref	Maha1s4a1nti	0				
Maha1n.	MAHAN	xref	Maha1na1t2aka	0				
Maha1na1ra1yan2a Upanis2ad	MAHANARAYANAUPANISAD	work		1	Ohne weiteres im PW.			PW
Maha1na1r. Up.	MAHANARUP	xref	Maha1na1ra1yan2a Upanis2ad	0				
Maha1na1t2aka	MAHANATAKA	work		1	Ed. K. Kr2s2n2a Bahadur, Calcutta, 1840.  PW		220	PW
Maha1s4a1nti	MAHASANTI	work		1	Handschrift. pw			pw
Maha1 Upanis2ad	MAHAUPANISAD	work		1	Ohne weiteres im PW.			PW
Mahav.	MAHAV	xref	Mahavi1racarita	0				
Mahavi1racarita	MAHAVIRACARITA	work		1	Ed. F. H. Tritten, London, 1848.  PW, pw	1530		PW,pw
Mahavi1rak4.	MAHAVIRAK	xref	Mahavi1racarita	0				
Mahi1dh.	MAHIDH	xref	Mahi1dhara [pwj39]	0				
Maha1dhara	MAHADHARA	work		1	Ein Kommentator der Va1jasaneyisam2hita1. PW. pw			PW
Mahop.	MAHOP	xref	Maha1 Upanis2ad	0				
Maitra1yan2i1 Paddhati	MAITRAYANIPADDHATI	work		1	Handschrift. pw			pw
Maitra1yan2i1 Sam2hita1	MAITRAYANISAMHITA	work		1	Ed. L. v. Schröder, Leipzig, 1881.  pw	1537		pw
Maitra1yan2i1 Upanis2ad	MAITRAYANIUPANISAD	work		1	1. Handschrift. PW || 2. Ed. E. B. Cowell, London, 1870.  pw	1538		PW
Maitrjup.	MAITRJUP	xref	Maitra1yan2i1 Upanis2ad	0				
Maitr. Paddh.	MAITRPADDH	xref	Maitra1yan2i1 Paddhati	0				
Ma1jat.	MAJAT	xref	Ma1yatantra	0				
Malama1satattva	MALAMASATATTVA	work		1	75 Seiten. Nach Anführungen im S4KD.  PW		325	PW
Ma1lat. oder Ma1lati1m.	MALATODERMALATIM	xref	Ma1lati1ma1dhava	0				
Ma1lati1ma1dhava	MALATIMADHAVA	work		2	1. Ed. Calcutta, 1830.  PW, pw | 2. Ed. R. G. Bhandarkar, Bombay, 1876.  pw	1540,1541		PW,pw,pw
Ma1lav.	MALAV	xref	Ma1lavi1ka1gnimitra	0				
Ma1lavi1ka1gnimitra	MALAVIKAGNIMITRA	work		1	Ed. O. F. Tullberg, Bonn, 1840.  PW, pw	1541		PW,pw
Mallin.	MALLIN	xref	Mallina1tha	0				
Mallina1tha	MALLINATHA	work		1	Ein Kommentator des Ka9lida1sa. PW, pw			PW,pw
Ma1navadharmas4a1stra	MANAVADHARMASASTRA	xref	Manu	0				
Ma1navagr2hysu1tra	MANAVAGRHYSUTRA	work		1	Handschrift in der Univertitätsbibliothek Bombay. Mit Paddhati. pw			pw
Ma1navakalasu1tra	MANAVAKALASUTRA	work		1	Ed. Th. Goldstücker, London, 1861.  PW, pw	1552		PW,pw
Ma1nava S4rautasu1tra	MANAVASRAUTASUTRA	work		1	Handschrift. pw			pw
Ma1n. C11r.	MANCR	xref	Ma1nava S4rautasu1tra	0				
Ma1n2d2. C11ik2sha1	MANDCIKSHA	xref	Ma1n2d2u1ki1 S4iks2a	0				
Ma1n2d2u1kya Upanis2ad	MANDUKYAUPANISAD	xref	Taittiri1ya Upanis2ad	0				
Ma1n2d2u1ki1 S4iks2a	MANDUKISIKSA	work		1	Ohne weiteres im pw.			pw
Ma1n2d2. Up.	MANDUP	xref	Ma1n2d2u1kya Upanis2ad	0				
Ma1n2d2a. Up. Ka1r.	MANDAUPKAR	xref	Ma1n2d2u1kya Upanis2ad [pwj40]	0				
Ma1n.Gr2hj.	MANGRHJ	xref	Ma1nava Gr2hyasu1tra	0				
Man4g4uc11ri1n.	MANGUCRIN	xref	A1ryaman5jus4ri1namasam2gi1ti	0				
Ma1n. K.S.	MANKS	xref	Ma1nava Kalpasu1tra	0				
Mantrabr.	MANTRABR	xref	Mantrabra1hman2a	0				
Mantrabra1hman2a	MANTRABRAHMANA	work		1	Vielleicht Ed. Calcutta. 1872.  pw	1574		pw
Manu	MANU	work		0				
Ma1rkan2d2eya Pura1n2a	MARKANDEYAPURANA	work		1	Ed. K. M. Banerjea, Calcutta, 1855. 1862.  PW, pw	1590		PW,pw
Ma1rk. P.	MARKP	xref	Ma1rkan2d2eya Pura1n2a	0				
Mas4aka Kalpasu1tra	MASAKAKALPASUTRA	work		1	Ohne weiteres im PW.			PW
Materia indica	MATERIAINDICA	work		1	of the Hindus. Von U. Ch. Dutt, Calcutta, 1877. pw			pw
Mathura1n.	MATHURAN	xref	Mathura1na1t2ha	0				
Mathura1na1tha	MATHURANATHA	work		1	Ein Scholiast des Amarakos4a. Nach Anführungen im S4KD. PW			PW
Mat. ind.	MATIND	xref	Materia indica	0				
Mat. med.	MATMED	xref	Materia medica	0				
Matsja P.	MATSJAP	xref	Matsya Pura1n2a	0				
Matsjop.	MATSJOP	xref	Matsyopa1khya1nam	0				
Matsya Pura1n2a	MATSYAPURANA	work		2	1. Handschrift. PW | 2. Ed. R. Jana1rdana1ca1rya, Poona, 1874. pw	1598		PW,pw
Matsyopa1khya1nam.	MATSYOPAKHYANAM	xref	Arjunasama1gama	0				
Ma1ya1tantra	MAYATANTRA	work		1	Nach Anführungen im S4KD. PW			PW
Mayr	MAYR	xref	Indisches Erbrecht	0				
Mbh.	MBH	xref	Maha1bha1rata	0				
Med.	MED	xref	Medini1kos4a	0				
Med. avj.	MEDAVJ	xref	Avyaya1neka1rthavarga	0				
Medha1tithi	MEDHATITHI	work		1	Ein Scholiast des S4a1kuntala. pw			pw
Medini1kos4a	MEDINIKOSA	xref	Ha1ra1vali	0				
Megh.	MEGH	xref	Meghadu1ta [pwj41]	0				
Meghadu1ta	MEGHADUTA	work		2	1. Ed. J. Gildemeister, Bonn, 1841.  PW Mit S4r2n3ga1ratilaka | 2. Ed. A. F. Stenzler, Breslau, 1874.  pw	1605	151	PW,pw
Me4l. asiat.	MELASIAT	abbrev	Me4langes asiatiques, tire4s du Bulletin	0				
Me4moire sur l'Inde	MEMOIRESURLINDE	work		0				
Mi1ma1m2sa1	MIMAMSA	work		0				
Miscellaneous Essays	MISCELLANEOUSESSAYS	work		1	Von H. T. Colebrooke, London, 1837. PW, pw			PW,pw
Mit.	MIT	xref	Mita1ks2ara	0				
Mita1ks2ara	MITAKSARA	work		1	Ed. L. N. Nya1ya1lam2ka1ra, Calcutta, 1829.  PW, pw	3096		PW,pw
M.K.S.	MKS	xref	Ma1navakalpasu1tra	0				
M. Müller, Re.	MMLLERRE	xref	India	0				
Molesw.	MOLESW	xref	Molesworth	0				
Molesworth	MOLESWORTH	work		0				
Monatsberichte	MONATSBERICHTE	work		1	der königlich preussischen Aka demie der Wissenschaften in Belin. pw			pw
Mon.d.B.A.	MONDBA	xref	Monatsberichte	0				
Mr2cchakatika	MRCCHAKATIKA	work		1	Ed. A. F. Stenzler, Bonn, 1846.  PW, pw	1634		PW,pw
Mr2k4k4h.	MRKKH	xref	Mr2cchakatika	0				
Mudra1r.	MUDRAR	xref	Mudra1ra1ks2asa	0				
Mugdhabodha	MUGDHABODHA	work		1	Von Vopadeva. Ed. O. Böhtlingk, St. Petersbourg, 1842.  PW, pw	1842		PW,pw
Muir, J.	MUIRJ	work		0				
Müller, SL	MLLERSL	xref	A History of Ancient Sanscrit Literature. Von Max	0				
Mun2d2aka Upanis2ad	MUNDAKAUPANISAD	xref	Taittiri1ya Upanis2ad	0				
Mun2d2ama1la1t.	MUNDAMALAT	xref	Mun2d2ama1la1tantra	0				
Mun2d2ama1la1tantra	MUNDAMALATANTRA	work		1	Nach Anführungen im S4KD. PW			PW
Mun2d2. Up.	MUNDUP	xref	Mun2d2aka Upanis2ad	0				
N.	N	xref	Nala	0				
Ma1dabindu1panis2ad	MADABINDUPANISAD	xref	Atharvan2a Upanis2ads	0				
Na1dap. Up.	NADAPUP	xref	Na1dabindu1panis2ad	0				
Na1ga1n.	NAGAN	xref	Na1ga1nanda	0				
Na1ga1nanda	NAGANANDA	work		1	Nach zwei calcuttaer Ausgaben. pw			pw
Naigh.	NAIGH	xref	Naighan2t2ukakha1n2d2a	0				
Naighn2t2ukakha1n2d2a	NAIGHNTUKAKHANDA	xref	Nirukta	0				
Nais4adacarita	NAISADACARITA	work		1	Ed. Calcutta. 1836.  PW, pw		143	PW,pw
Naish.	NAISH	xref	Nais2adacarita	0				
Nala	NALA	work		3	1. Ed. H. Brockhaus, Leipzig, 1859.  PW (Somadeva) | 2. Ed. F. Bopp, Berlin, 1832.  PW | 3. In der Sanskrit Chresthomathie von O. Böhtlingk	1694	99	PW
Na1na1rthak.	NANARTHAK	abbrev	Na1na1rthakos4a	0				
Na1r.	NAR	xref	Na1ra1yana und Na1rada Dharmas4a1stra	0				
Na1rada Dharmas4a1stra	NARADADHARMASASTRA	work		1	Ohne weiteres im pw.			pw
Na1ra1yana	NARAYANA	work		1	Ein Scholiast des Sa1n2kha1yana Gr2hyasu1tra. PW			PW
Na1ra1yanabhat2t2as Prayogaratna	NARAYANABHATTASPRAYOGARATNA	xref	Prayogaratna	0				
Na1ra1yanacakravartin	NARAYANACAKRAVARTIN	work		1	Ein Scholiast des Amarakos4a, nach Anführungen im S4KD. PW			PW
Navarat.	NAVARAT	xref	Navaratna	0				
Navaratna	NAVARATNA	xref	Ka1vyasam2graha	0				
Naxatra	NAXATRA	work		1	Die vedischen Nachrichten von den Naxatra. Von A. Weber			
Berlin, 1860. pw	BERLINPW	work		0				
Nida1na Su1tra	NIDANASUTRA	work		1	Ohne weiteres im PW und pw.			PW
Nigh.	NIGH	xref	Nighantu	0				
Nighan2t2u	NIGHANTU	xref	Nirukta	0				
Nighan2t2u Praka1s4a	NIGHANTUPRAKASA	work		1	Von Ba1pu Ganga1dhara, Bombay, 1839. PW, pw			PW,pw
Nigh. Pr.	NIGHPR	xref	Nighantu Praka1s4a	0				
Ni1l.	NIL	xref	Ni1lakan2t2ha	0				
Ni1lak.	NILAK	xref	Ni1lakan2t2ha	0				
Ni1lakan2t2ha	NILAKANTHA	work		2	1. Ein Scholiast des Maha1bha1rata. PW | 2. A Rational Refutation of the Hindu Philosophical Systems by Nehemiah			PW
Nilarudra Upanis2ad	NILARUDRAUPANISAD	xref	Atharvan2a Upanis2ads	0				
Ni1lar. Up.	NILARUP	xref	Ni1larudra Upanis2ad	0				
Nir.	NIR	xref	Nirukta	0				
Nirn2ajas.	NIRNAJAS	xref	Nirn2ayasindhu	0				
Nirn2ayasindhu	NIRNAYASINDHU	work		1	Ohne weiteres im pw.			pw
Nirukta	NIRUKTA	work		1	Von Ya1ska. Ed. R. Roth, Göttingen, 1852.  PW, pw Mit den	1762		PW,pw
Ni1tipr.	NITIPR	xref	Ni1tipradi1pa	0				
Ni1tipradi1pa	NITIPRADIPA	xref	Ka1vyasam3graha	0				
Nja1jam.	NJAJAM	xref	Jaimini1yanya1yama1la1vista1ra	0				
Nja1jas.	NJAJAS	xref	Nya1yasu1tra	0				
Nj. K.	NJK	xref	Nya1ya Kos4a	0				
Notices	NOTICES	work		0				
Nr2sim3hata1pani1ya Upanis2ad	NRSIMHATAPANIYAUPANISAD	xref	Atharvan2a Upanis2ads	0				
NR2S. Up.	NRSUP	xref	Nr2sim2hata1pani1ya Upanis2ad	0				
Nya1ya Kos4a	NYAYAKOSA	work		1	Ed. Bh. Jhalaki1kar, Bombay, 1875.  pw	1806		pw
Nya1ya Su1tra	NYAYASUTRA	work		1	Von Gotama. || 1. Ed. V. Bhat2t2a1cha1rya, Calcutta, 1828.	1813		
Old. Buddha	OLDBUDDHA	xref	Oldenberg	0				
Oldenberg, H.	OLDENBERGH	work		1	Buddha, Berlin, 1881. pw			pw
Opp. Cat.	OPPCAT	xref	Oppert	0				
Oppert	OPPERT	work		0				
Oudh	OUDH	work		0				
Oxford	OXFORD	work		1	Verzeichnis von Sanskrit Handschriften von Th. Aufrecht. pw			pw
P.	P	xref	Pa1n2ini1	0				
Pa1c11akak.	PACAKAK	xref	Pa1s4akakevali1	0				
Padap.	PADAP	xref	Padapa1tha	0				
Padapa1tha	PADAPATHA	xref	R2gveda	0				
Paddhati	PADDHATI	xref	Ma1nava Gr2hyasu1tra	0				
Padya1vali1	PADYAVALI	work		1	Handschrift. pw			pw
Pan5cadan2d2acchattraprabandha	PANCADANDACCHATTRAPRABANDHA	work		1	Ed. A. Weber, Berlin, 1877.  pw	1838		pw
Pan5cara1tra	PANCARATRA	work		1	Von Na1rada. Ed. K. M. Banerjea, Calcutta, 1861-65  pw	1718		pw
Pan5catantra	PANCATANTRA	work		1	1. Ed. J. G. Kosegarten, Bonn, 1848-59.  PW, pw	1858		PW,pw
Pan5cavim2s4a Bra1hman2a	PANCAVIMSABRAHMANA	work		1	Ohne weiteres im PW.			PW
Pa1n2ini	PANINI	work		1	Ed. O. Böhtlingk, Bonn, 1840. PW, pw Mit: Va1rtika1s von Ka1tya1yana			PW,pw
Pan4k4ad.	PANKAD	xref	Pan5cadan2d2acchattraprabandha	0				
Pan4k4ar.	PANKAR	xref	Pan5cara1tra	0				
Pan4k4at.	PANKAT	xref	Pan5catantra	0				
Pan4k4av. Br.	PANKAVBR	xref	Pan5cavim2s4a Bra1hman2a	0				
Para1c11.	PARAC	xref	Para1s4ara Dharmas4a1stra	0				
Para1c11arapaddh.	PARACARAPADDH	xref	Para1s4arapaddhati	0				
Paramaham2sa Upanis2ad	PARAMAHAMSAUPANISAD	xref	Atharvan2a Upanis2ads	0				
Parama1rthasa1ra	PARAMARTHASARA	work		1	Ohne weiteres im pw.			pw
Param. Up.	PARAMUP	xref	Paramaham2sa Upanis2ad	0				
Para1s4ara Dharmas4a1stra	PARASARADHARMASASTRA	work		1	Nach Anführungen im Mit., Da1j. und S4KD. PW, pw			PW,pw
Para1s4ara Paddhati	PARASARAPADDHATI	work		1	Ohne weiteres im PW.			PW
Para1skara Gr2hyasu1tra	PARASKARAGRHYASUTRA	work		1	1. Handschrift. PW. || 2. Ed. A. F. Stenzler, Leipzig, 1876-78. [I.O.			PW
Pa1r. Gr2hj.	PARGRHJ	xref	Para1skara Gr2hyasu1tra	0				
Paribh.	PARIBH	xref	Paribha1s2endus4ekhara	0				
Paribha1s2endus4ekhara	PARIBHASENDUSEKHARA	work		1	Ed. F. Kielhorn, Bombay, 1868-74. pw	1893		pw
Paris4is2t2aparvan	PARISISTAPARVAN	work		1	Von Hemacandra. Handschrift. pw			pw
Paris4is2t2a zum Atharvaveda	PARISISTAZUMATHARVAVEDA	work		1	Handschrift. PW, pw			PW,pw
Pa1rs4vana1thaka1vya	PARSVANATHAKAVYA	work		1	Handschrift. pw			pw
Pat.	PAT	xref	Patan5jali	0				
Patan5jali	PATANJALI	work		2	1. Verfasser des Maha1bha1s2ya. In Böhtlingks Pa1n2ini. | 2. s. Yogasu1tra			
Patja1patjav.	PATJAPATJAV	xref	Patya1patyaviveka	0				
Pent. (Lassen)	PENTLASSEN	xref	Commentatio	0				
Phit2su1tra	PHITSUTRA	work		1	Von S4a1ntanava. Ed. F. Kielhorn, Leipzig, 1866.  pw	1915		pw
Pin2d2apitr2yajn5a	PINDAPITRYAJNA	work		1	Ohne weiteres im pw.			pw
Pin2d2op.	PINDOP	xref	Pin2d2opanis2ad	0				
Pin2d2opanis2ad	PINDOPANISAD	xref	Atharvan2a Upanis2ads	0				
Pischel	PISCHEL	xref	Hemacandras Prakrit Grammatik	0				
Prabodhacandrodaya	PRABODHACANDRODAYA	work		1	Ed. H. Brockhaus, Leipzig, 1835.  PW, pw	1926		PW,pw
Pracan2d2apa1n2d2ava	PRACANDAPANDAVA	work		1	Ein Schauspiel. Handschrift. pw			pw
Prac11nop.	PRACNOP	xref	Pras4na Upanis2ad	0				
Pra1jac11k4ittav.	PRAJACKITTAV	xref	Pra1yas4cittaviveka	0				
Praja1pati	PRAJAPATI	work		1	Nach Zitaten in verschiedenen juristischen Werken. pw			pw
Prajogar.	PRAJOGAR	xref	Pragogaratna	0				
Prakriya1 Kaumudi1	PRAKRIYAKAUMUDI	work		1	Handschrift. pw			pw
Prasannar.	PRASANNAR	xref	Prasannara1ghava [pwj46]	0				
Prasannara1ghava	PRASANNARAGHAVA	work		1	Von Jayadeva. pw			pw
Pras4na Upanis2ad	PRASNAUPANISAD	xref	Taittiri1ya Upanis2ad	0				
Prastha1nabheda	PRASTHANABHEDA	xref	Indische Studien	0				
Pra1t.	PRAT	abbrev	Pra1tis4a1khya	0				
Prata1par.	PRATAPAR	xref	Prata1parudri1ya	0				
Prata1parudri1ya	PRATAPARUDRIYA	work		1	Ohne weiteres im pw.			pw
Pratinj5a1su1tra	PRATINJASUTRA	xref	Indische Studien	0				
Pra1tis4a1khya zur Taittiri1ya Sam2hita1	PRATISAKHYAZURTAITTIRIYASAMHITA	work		2	1. Ed. W. D. Whitney, New Haven, 1871.  pw | 2. In der einleitung von Roths Nirukta. PW, pw	2691		PW,pw,pw
Pra1tis4a1khya zur Va1jasaneisam2hita1	PRATISAKHYAZURVAJASANEISAMHITA	work		1	1. Handschrift. PW || 2. s. Indische Studien			PW
Pratyabdas4uddhi	PRATYABDASUDDHI	work		1	Ohne weiteres im pw.			pw
Pravar.	PRAVAR	xref	Pravara1dhya1ya	0				
Pravara1dhya1ya	PRAVARADHYAYA	work		0				
Pra1s4cittatattva	PRASCITTATATTVA	work		1	Ohne weiteres im pw.			pw
Pra1yas4cittaviveka	PRAYASCITTAVIVEKA	work		1	Handschrift. pw			pw
Pra1ys4citta zum Atharvaveda	PRAYSCITTAZUMATHARVAVEDA	work		1	Handschrift. pw			pw
Prayo1garatna	PRAYOGARATNA	work		1	Ohne weiteres im pw.			pw
Prij1.	PRIJ	xref	Priyadars4ika1	0				
Priyadars4ika1	PRIYADARSIKA	work		1	Ed. J. Vidya1sa1gara, Calcutta, 1874.  pw	1988		pw
Procc. A.S.B.	PROCCASB	abbrev	Proceedings of the Asiatic Society of Bengal.	0				
Pr. P.	PRP	xref	Pracan2d2apa1n2d2ava	0				
Pur.	PUR	abbrev	Pura1n2a	0				
Purush.	PURUSH	xref	Purusottama	0				
Purus2ottama	PURUSOTTAMA	work		1	Ein Lexikograph. PW			PW
Pushpas.	PUSHPAS	xref	Pus2pasu1tra	0				
Pus2pasu1tra	PUSPASUTRA	work		1	Ohne weiteres im PW und pw.			PW
R.	R	xref	Ra1ma1yana	0				
Radices	RADICES	work		1	linguage sanscritae. Von W. L. Westergaard, Bonn, 2841. PW, pw			PW,pw
Ra1g4an.	RAGAN	xref	Ra1janighan2t2u	0				
Ra1g4at.	RAGAT	xref	Ra1jataran3nini1	0				
R1g4av.	RGAV	xref	Ra1javallabha	0				
Ragh.	RAGH	xref	Raghuvam3s4a	0				
Raghun.	RAGHUN	xref	Raghuna1ndanabhat2t2a1ca1rya	0				
Raghuna1ndanbhat2t2a1ca1rya	RAGHUNANDANBHATTACARYA	work		1	Ein Scholiast des Tithya1ditattva. PW			PW
Raghuvam2s4a	RAGHUVAMSA	work		2	1. Ed. Calcutta, 1832.  PW, pw | 2. Ed. A. F. Stenzler, London, 1832.  PW, pw	2034	134	PW,pw
Ra1jam.	RAJAM	xref	Ra1yamukuta	0				
Ra1janighan2t2u	RAJANIGHANTU	work		2	1. Ed. R. Garbe, Leipzig, 1882.  pw | 2. Nach Anführungen im S4KD. PW	2055		PW,pw
Ra1jataran3gini1	RAJATARANGINI	work		3	1. Ed. Calcutta, 1835.  PW | 2. Ed. M. A. Troyer, Paris, 1840-52.  PW, pw | 3. Ed. Kern, pw.	2059	147	PW,PW,pw,pw
Ra1javallabha	RAJAVALLABHA	work		1	Nach Zitaten im S4KD. PW, pw			PW,pw
Ra1jendr. Not.	RAJENDRNOT	xref	Notices	0				
Ra1man.	RAMAN	xref	Ra1mana1tha	0				
Ra1mana1tha	RAMANATHA	work		1	Ein Kommentator des Amarakos4a. Nach Anfürungen im S4KD. PW			PW
Ra1mapu1rvat. Up.	RAMAPURVATUP	xref	Ra1mapu1rvata1pani1ya Upanis2ad	0				
Ra1mapu1rvata1pani1ya Upanis2ad	RAMAPURVATAPANIYAUPANISAD	xref	Atharvan2a Upanis2ads	0				
Ra1matarkav.	RAMATARKAV	xref	Ra1matarkavagi1s4a	0				
Ra1matarkavagi1s4a	RAMATARKAVAGISA	work		1	Eine Prakrit Grammtik. pw			pw
Ra1mata1pani1ya Upanis2ad	RAMATAPANIYAUPANISAD	work		1	Ed. A. Weber, Berlin, 1864. pw			pw
Ra1ma1yan2a	RAMAYANA	work		2	1. Ed. G. Gorresio, Paris, 1843.  PW, pw | 2. Ed. A. W. Schlegel, Bonn, 1829-33.  PW, pw	2111,2111		PW,pw
Rasam.	RASAM	xref	Rasaman5jari1 [pwj48]	0				
Rasaman5jari1	RASAMANJARI	work		1	Nach Anführungen im S4KD. Verz. der Berliner Sanskrit Handschriften Nr.			
Rasar.	RASAR	xref	Rasaratna1kara	0				
Rasaratna1kara	RASARATNAKARA	work		1	Ed. R. Gu1ha, Calcutta, 1878.  pw	2148		pw
Ra1shtrapa1lap.	RASHTRAPALAP	xref	Ra1s2t2rapa1lapariprccha1	0				
Ra1s2t2rapa1lapariprccha1	RASTRAPALAPARIPRCCHA	work		1	Handschrift in der Pariser Bibliothek. Nach Schiefner. PW			PW
Ratim.	RATIM	xref	Ratiman5jari1	0				
Ratiman5jari1	RATIMANJARI	work		1	Ein Werk über Erotik. Nach Anführungen im S4KD. PW			PW
Ratnak.	RATNAK	xref	Ratnakos4a	0				
Ratnakos4a	RATNAKOSA	work		1	Ein Wörterbuch, nach Anführungen im S4KD. PW			PW
Ratnam.	RATNAM	xref	Ratnama1la1	0				
Ratnama1la1	RATNAMALA	work		1	Ein Wörterbuch, nach Anführungen im S4KD. PW			PW
Ratna1v.	RATNAV	xref	Ratnama1la1	0				
Ratna1ali1	RATNAALI	work		1	Ed. Calcutta, 1832.  PW		214	PW
Ra1yamukuta	RAYAMUKUTA	work		1	Ein Kommentator des Amarakos4a, nach Anführungen im S4KD. PW			PW
Report	REPORT	xref	Kielhorn	0				
R2gveda	RGVEDA	work		2	1. Ed. F. Rosen, 1. Buch, London, 1838.  PW | 2. Handschrift. PW, pw Mit Pra1tis4a1khya, Anu3kraman2ika1, Sa1yan2as	2177		PW,PW,pw
R2ktantra	RKTANTRA	work		1	Ed. A. C. Burnell, Bangalore, 1879.  pw	2194		pw
Roxb.	ROXB	xref	Roxburg	0				
Roxburg	ROXBURG	xref	Flora indica	0				
R2t.	RT	xref	R2tusam2ha1ra	0				
R2tusam2ha1ra	RTUSAMHARA	work		1	Ed. P. A. Bohlen, Leipzig, 1840.  PW, pw	2201		PW,pw
Rudrata1lam2ka1rat2ippanaka	RUDRATALAMKARATIPPANAKA	work		1	Ein Werk über Poetik. pw			pw
R2v.	RV	xref	R2gveda	0				
S4abdacandrika1	SABDACANDRIKA	work		1	Ein Wörterbuch, nach Anführungen imS4KD. PW, pw			PW,pw
S4abdakalpadruma	SABDAKALPADRUMA	work		1	Von Ra1dha1ka1ntadeva, 1743-1766. PW, pw			PW,pw
S4abdama1la1	SABDAMALA	work		1	Ein wörterbuch, nach Anfürungen im S4KD. PW			PW
S4abdaratna1vali1	SABDARATNAVALI	work		1	Ein Wörterbuch, nach Anführungen im S4KD. PW			PW
Saddh.	SADDH	xref	Saddharmapun2d2ari1ka	0				
Sadharmalan3ka1vata1ra	SADHARMALANKAVATARA	work		1	Ohne weiteresim PW.			PW
Saddharmapun2d2ari1ka	SADDHARMAPUNDARIKA	work		2	1. Hundschrift, nach Schiefner. PW | 2. Im 4. Kapitel von "Le Lotus de la bonne Lois. " Ed. E. Foucaux, Paris			PW
Saddh. L.	SADDHL	xref	Saddharmalan3ka1vata1ra	0				
Saduktikarn2a1mr2ta	SADUKTIKARNAMRTA	work		1	Von S4ri1dharada1sa, Handschrift. pw			pw
S4advim2s4a Bra9hmn2a	SADVIMSABRAHMNA	work		1	Ohne weiteres im PW und pw.			PW
Sa1h. D.	SAHD	xref	Sa1hitya Darpana	0				
Sa1hitya Darpana	SAHITYADARPANA	work		2	1. Ed. E. Röer, Calcutta, 1850.  PW, pw | 2. Ed. Calcutta, 1828.  pw	2247	264	PW,pw,pw
Sahr2daya1loka	SAHRDAYALOKA	work		1	2. Ed. Calcutta, 1828.  pw		264	pw
Sahr2daya1loka	SAHRDAYALOKA	work		1	Ohne weiteres im pw.			pw
Sa1j.	SAJ	xref	Sa1yan2a	0				
S4a1kata1yana	SAKATAYANA	work		1	Ein Scholiast des S4a1kuntala. PW			PW
Sa1kta1nandataran3gin2i1	SAKTANANDATARANGINI	work		1	Handschrift. pw			pw
S4a1kuntala	SAKUNTALA	work		5	1. Ed. A. L. Che4zy, Paris, 1830.  PW | 2. Ed. O. Böhtlingk, Bonn, 1842.  PW, pw | 3. Ed. R. Pischel, London, 1877.  pw | 4. Ed. K. Burkhard, Wien, 1884.  pw | 5. Ed. p. Tarkavagi1s4a, Calcutta, 1859-60.  [pw	8,8,9,10,15		PW,PW,pw,pw
Sa1maveda	SAMAVEDA	work		1	Ed. Th. Benfey, Leipzig, 1848.  PW, pw	2268		PW,pw
Sa1mav. br.	SAMAVBR	xref	Sa1mavidha1na Bra1hman2a	0				
Sa1mavidha1na Bra1hman2a	SAMAVIDHANABRAHMANA	work		1	Ed. A. c. Burnell, London, 1873.  pw	2273		pw
Sam2gi1tada1mod.	SAMGITADAMOD	xref	Sam2gi1tada1modara	0				
Sam2gi1tada1modara	SAMGITADAMODARA	work		1	Ein Werküber Musik, nach Anführungen im S4KD. PW			PW
Sam2gi1tasa1rasam2graha	SAMGITASARASAMGRAHA	work		1	Ed. A. C. Thakura, Calcutta, 1832.  pw	2273		pw
Sam2hita1 Upanis2ad	SAMHITAUPANISAD	work		1	Ed. A. C. Burnell, Mangalore, 1877.  pw	2291		pw
Sam2hitop.	SAMHITOP	xref	Sam2hita1 Upanis2ad	0				
S4am2kara	SAMKARA	work		2	1. Ein Scholiast des S4a1kuntala. PW | 2. Ein Kommentator der Brahmasu1tras.			PW
S4am2karavijaya	SAMKARAVIJAYA	work		1	Ed. J. Pan5ca1nana, Calcutta, 1864-68.  pw	2308		pw
Sa1m2khjak.	SAMKHJAK	xref	Sa1m2khya Ka1rika1	0				
Sa1m2khya Ka1rika1	SAMKHYAKARIKA	work		2	1. Ed. Chr. Lassen, Bonn, 1832.  PW | 2. Ed. H. H. Wilson, London, 1837.  PW, pw	2312	270	PW,PW,pw
Sa1m2khya Philosophie	SAMKHYAPHILOSOPHIE	work		1	The Aphorisms of the Sa1m2khya Philosophy of Kapila. Ed. J. R. Ballantyne			
Sam2ks2epas4am2karajaya	SAMKSEPASAMKARAJAYA	work		1	Von Ma1dhava. pw			pw
Sam2n5a1sa Up.	SAMNASAUP	xref	Atharvan2a Upanis2ads	0				
Sam2n5j. Up.	SAMNJUP	xref	Sam2n5a1sa Up.	0				
Sam2ska1rakaustubha	SAMSKARAKAUSTUBHA	work		1	Von Anantadeva. pw			pw
Sam2ska1rat.	SAMSKARAT	xref	Sam2ska1ratattva	0				
Sam2ska1ratattva	SAMSKARATATTVA	work		1	Nach Anführungen im S4KD. PW			PW
Sam2skk.	SAMSKK	xref	Sam2ska1rakaustubha	0				
S4a1ndilya	SANDILYA	work		0				
S4a1n3kha1yana Bra1hman2a	SANKHAYANABRAHMANA	work		1	Ohne weiteres im PW und pw.			PW
S4a1n3kha1yana Gr2hyasu1tra	SANKHAYANAGRHYASUTRA	work		2	1. Ed. H. Oldenberg, Oxford, 1886. [I.O 967] pw | 2. Handschrift. PW.			PW,pw
S4a1n3kha1yana S4rautasu1tra	SANKHAYANASRAUTASUTRA	work		1	Ohne weiteres im PW und pw.			PW
Sanskrit Chresthomathie	SANSKRITCHRESTHOMATHIE	work		1	Von O. Böhtlingk, St. Petersburg, 1845.  PW, pw Mit:	2356		PW,pw
Sanscrit Texts	SANSCRITTEXTS	xref	Muir	0				
S4a1ntana1ca1rya Phit2su1tra	SANTANACARYAPHITSUTRA	work		1	Ed. O. Böhtlingk, St. Petersburg, 1848. pw			pw
S4a1ntanava	SANTANAVA	xref	Phit2su1tra	0				
S4a1ntis4ataka	SANTISATAKA	xref	Ka1vyasam2graha	0				
Saptas4ataka	SAPTASATAKA	work		1	Von Ha1la. Ed. A. Weber, Leipzig, 1870.  pw	2365		pw
Saptas4ati1	SAPTASATI	work		1	Von Govardhana. pw			pw
Sa1ras.	SARAS	xref	Sa1rasundari	0				
Sa1rasundari	SARASUNDARI	work		1	Ein Kommentator des Amarakos4a. PW, pw			PW,pw
Sarasvati1kan2t2ha1bharan2a	SARASVATIKANTHABHARANA	work		2	1. s. Va1gbhatas Alam2ka1ra | 2. Handschrift. pw			pw
Sa1ra1v.	SARAV	xref	Sa1ra1vali1	0				
Sa1ra1vali1	SARAVALI	work		1	Von Utpala. Es wird Vara1hmihiras Br2hatsam2hita1 zitiert. pw			pw
S4a1rn3gadharapaddhati	SARNGADHARAPADDHATI	work		1	Handschrift im St. Petersburger asiatischen Museum der kaiserlichen			
S4a1rn3gadhara Sam2hita1	SARNGADHARASAMHITA	work		1	Ohne weiteres im pw.			pw
Sarvad.	SARVAD	xref	Sarvadars4anasam2graha	0				
Sarvadars4anasam2graha	SARVADARSANASAMGRAHA	work		1	Ed. J. Vidya1sa1gara, Calcutta, 1853-58.  pw	2391		pw
Sarvop. S.	SARVOPS	xref	Sarvopanis2atsa1ra	0				
Sarvopanis2atsa1ra	SARVOPANISATSARA	xref	Atharvan2a Upanis2ads	0				
S4a1s4vata	SASVATA	xref	Aneka1rthasamuccaya	0				
S4atapatha Bra1hman2a	SATAPATHABRAHMANA	xref	Yajurveda	0				
S4atarudri1ya Upanis2ad	SATARUDRIYAUPANISAD	work		1	Ohne weiteres im PW.			PW
S4atrum2jayamaha1tmya	SATRUMJAYAMAHATMYA	work		1	Ed. A. Weber, Leipzig, 1858.  PW, pw	2421		PW,pw
S4aun.	SAUN	xref	S4auna1ga	0				
S4auna1ga	SAUNAGA	work		1	Inder Einleitung zu Böhtlingks Pa1n2ini Ausgabe, S. 66. PW, pw			PW,pw
Sa1v.	SAV	xref	Sa1vitri1	0				
Sa1vitri1	SAVITRI	xref	Arjunasama1gama	0				
Sa1yan2a	SAYANA	work		1	Ein Kommentator zum R2gveda. PW, pw			PW,pw
Sch. oder Schol.	SCHODERSCHOL	abbrev	Scholiast	0				
Select Specimens	SELECTSPECIMENS	work		1	of the Theatre of the Hindus. Von H. H. Wilson, London, 1835.	2448		
Setub.	SETUB	xref	Setubandha	0				
Setubandha	SETUBANDHA	work		0				
Siddha1ntam.	SIDDHANTAM	xref	Siddha1ntamukta1vali1	0				
Siddha1ntamukta1vali1	SIDDHANTAMUKTAVALI	work		1	Nach anführungen im S4KD. PW			PW
Siddha1ntas4iroman2i	SIDDHANTASIROMANI	work		1	Von BHa1skara. Ed. B. Sa1stri, Benares, 1866.  PW, pw Mit:	2468		PW,pw
Siddh. C11ir.	SIDDHCIR	xref	Siddha1ntas4iroman2i	0				
Siddh. K.	SIDDHK	xref	Langhukaumudi1	0				
S4i1la1n3ka	SILANKA	xref	A1ca1ra1n3gasu1tra	0				
S4is4upa1lavadha	SISUPALAVADHA	work		1	Von Ma1gha. Ed. V. Mis4ra, S. La1la, Calcutta, 1815.  PW, pw		141	PW,pw
S4ivana1masahasra	SIVANAMASAHASRA	work		1	Handschrift im asiatischen Museum der kaiserlichen Akadamie der			
S4iva Pura1n2a	SIVAPURANA	work		1	Handschrift Nr. 126 im Verzeichnis der Oxforder Sansc. hds. pw			pw
S4iva Upanis2ad	SIVAUPANISAD	xref	Atharvan2a Upanis2ads	0				
Skanda P.	SKANDAP	xref	Skanda Pura1n2a	0				
Skanda Pura1n2a	SKANDAPURANA	work		1	Ohne weiteres im PW.			PW
S4KD	SKD	abbrev	S4abdakalpadruma	0				
Smaradi1pika1	SMARADIPIKA	work		1	Ein Wörterbuch über Erotik, Nach Anführungen im S4KD. PW			PW
S4obhanastuti	SOBHANASTUTI	work		1	von s4obhanamuni. In: z. d. d. m. G., 32, 509 ff. pw			pw
Somadevas Nala	SOMADEVASNALA	xref	Nala	0				
Somakarmapr.	SOMAKARMAPR	xref	Somakarmapradi1pa	0				
Somakarmapradi1pa	SOMAKARMAPRADIPA	work		1	Von Ra1ma. Handschrift. pw			pw
Som. Nal.	SOMNAL	xref	Somadevas Nala	0				
Spr.	SPR	xref	Indische Sprüche	0				
S4ra1ddhatattva	SRADDHATATTVA	work		1	Nach Anführungen im S4KD. pw			pw
S4ri1dharasva1min	SRIDHARASVAMIN	work		1	Nach Anführungen im S4KD. PW			PW
S4ri1dharasva1min	SRIDHARASVAMIN	work		1	Ein Scholiast der Bhagavadgi1ta1. PW			PW
S4ri1mi1la1maha1tmya	SRIMILAMAHATMYA	work		1	Handschrift im pw.			pw
S4r2n3ga1ratilaka	SRNGARATILAKA	xref	Meghadu1ta	0				
S4rutabodha	SRUTABODHA	work		1	Ed. H. Brockhaus, Leipzig, 1841. PW, pw			PW,pw
s.s.s.	SSS	xref	Sam2gi1tasa1rasam2graha	0				
St.	ST	abbrev	Stenzler	0				
St. Petersburg	STPETERSBURG	work		0				
Subh.	SUBH	xref	Subhu1ti	0				
Subha1shitar.	SUBHASHITAR	xref	Subha1s2itaratna1kara	0				
Subha1s2itaratnabha1n2d2a1yaka	SUBHASITARATNABHANDAYAKA	work		1	Ohne weiteres im pw.			pw
Subha1s2itaratna1kara	SUBHASITARATNAKARA	work		1	Ed. K. S. Bha1t2avadekar, Bombay, 1871.  pw	2625		pw
Subha1s2ita1vali1	SUBHASITAVALI	work		1	Von Vallabhadeva. Handschrift. pw			pw
Subhu1ti	SUBHUTI	work		1	Ein Scholiast des Amarakos4a, Nach Anführungen im S4KD. PW			PW
Suc11r.	SUCR	xref	Sus4ruta	0				
S4ukhab.	SUKHAB	xref	S4ukhabodha	0				
Sukhabodha	SUKHABODHA	work		1	Nach Anführungen im S4KD. PW			PW
S4ukasam2des4a	SUKASAMDESA	work		1	Ohne weiteres im pw.			pw
S4ukasaptati	SUKASAPTATI	xref	Anthologia sanscritica [pwj54]	0				
Sukha1v.	SUKHAV	xref	Sukha1vativyu1ha	0				
Sukha1vativyu1ha	SUKHAVATIVYUHA	work		1	Ed. M. Müller, Oxford, 1833.  pw	2641		pw
S4ukrani1ti	SUKRANITI	work		1	E. G. O. Oppert, Madras, 1882.  pw	2644		pw
S4ulva Su1tra	SULVASUTRA	work		1	Ohne weiteres im pw.			pw
Sund.	SUND	xref	Sundopasundopa1khya1na	0				
Sundopasundopa1khya1na	SUNDOPASUNDOPAKHYANA	xref	Indraloka1gamana	0				
Suparn2.	SUPARN	xref	Suparn2a1dhya1ya	0				
Suparn2a1dhya1ya	SUPARNADHYAYA	xref	Indische Studien	0				
Su1rjad.	SURJAD	xref	Su1ryadevayajvan	0				
Su1rjas.	SURJAS	xref	Su1ryasiddha1nta	0				
Su1ryadevayajvan	SURYADEVAYAJVAN	work		1	Ohne weiteres im pw.			pw
Su1ryasiddha1nta	SURYASIDDHANTA	work		2	1. Nach Anführungen in Haughtons Wörterbuch. PW | 2. Ed. B. D. S4a1stri1, Calcutta, 1861.  pw	2661		PW,pw
Sus4ruta	SUSRUTA	work		2	1. Ed. F. Hessler, Erlangen, 1844.  PW, pw | 2. Ed. M. Gupta, Calcutta, 1835.  PW, pw		368,367	PW,pw
Suvarn2apr.	SUVARNAPR	xref	Suvarn2aprabha1s2a	0				
Suvarn2aprabha1s2a	SUVARNAPRABHASA	work		1	Ein Buddhistisches Werk. PW			PW
SV.	SV	xref	Sa1maveda	0				
Svapnacinta1man2i1	SVAPNACINTAMANI	work		1	Von Jagaddeva. pw			pw
Svapnak4.	SVAPNAK	xref	Svapnacinta1man2i1	0				
SV. A1r.	SVAR	xref	A1ran2yaka zum Sa1maveda	0				
S4veta1s4vatara Upanis2ad	SVETASVATARAUPANISAD	xref	Taittiri1ya Upanis2ad	0				
Taitt. A1r.	TAITTAR	xref	Taittiri1ya A1ran2yaka	0				
Taitt. Br.	TAITTBR	xref	Taittiri1ya Bra1hman2a	0				
Taittiri1ya A1ran2yaka	TAITTIRIYAARANYAKA	work		1	Ed. R. Mitra, Calcutta, 1864. 1872.  PW, pw	2689		PW,pw
Taittiri1ya Bra1hman2a	TAITTIRIYABRAHMANA	work		1	Ohne weiteres im PW und pw.			PW
Taittiri1ya Sam2hita1	TAITTIRIYASAMHITA	work		1	Handschrift. PW, pw Mit: Pra1tis4a1khya und Anukraman2ika1			PW,pw
Taittiri1ya Upanis2ad	TAITTIRIYAUPANISAD	work		1	Ed. E. Röer. Calcutta, 1853.  PW, pw Mit: Taittiri1ya Up.	2802		PW,pw
Taitt. Pra1t.	TAITTPRAT	xref	Taittiri1ya Sam3hita1 und Pra1tis4a1khya zur Taitt.	0				
Taitt. Up.	TAITTUP	xref	Taittiri1ya Upanis2ad	0				
Talavaka1ra Bra1hman2a	TALAVAKARABRAHMANA	work		1	Ed. A. C. Burnell, Mangalore, 1878.  pw	162		pw
Tal. Br.	TALBR	xref	Talavaka1ra Bra1hman2a	0				
Ta1n2d2j. Br.	TANDJBR	xref	Ta1n2d2ya Bra1hman2a	0				
Ta1n2d2ya Bra1hman2a	TANDYABRAHMANA	work		1	Ed. A. Veda1ntava1gi1s4a, Calcutta, 1869-74.  pw	1864		pw
Tantras.	TANTRAS	xref	Tantrasa1ra	0				
Tantrasa1ra	TANTRASARA	work		1	Nach Anführungen im S4KD. PW			PW
Tattvakaumudi1	TATTVAKAUMUDI	work		1	Ohne weiteres im pw.			pw
Tattvas.	TATTVAS	xref	Tattvasama1sa	0				
Tattvasama1sa	TATTVASAMASA	work		1	A Lecture on the Sa1m2khya Philosophy. Ed. J. R. Ballantyne, Mirzapore			
T.Br.	TBR	xref	Taittiri1ya Bra1hman2a	0				
Teg4ob.	TEGOB	xref	Tejobindu1panis2ad	0				
Tejobindu1panis2ad	TEJOBINDUPANISAD	xref	Atharvan2a Upanis2ads	0				
Tibetische Lebensbeschreibung	TIBETISCHELEBENSBESCHREIBUNG	xref	Lebensbeschreibung	0				
Tib. Lebensb. C11a1kj.	TIBLEBENSBCAKJ	xref	Tibetische lebensbeschreibung	0				
Tithja1dit.	TITHJADIT	xref	Tithya1ditattva	0				
Tithya1ditattva	TITHYADITATTVA	work		1	Nach Anführungen im S4KD. PW			PW
Trans. R.A.S.	TRANSRAS	abbrev	The Transactions of the Royal Asiatic Society of Great	0				
Trik.	TRIK	xref	Trika1n2d2as4es4a	0				
Trika1n2d2as4es4a	TRIKANDASESA	work		1	Ed. H. T. Colebrooke, Calcutta, 1807.  PW, pw		258	PW,pw
Tripras4na1dhika1ra	TRIPRASNADHIKARA	work		1	Ohne weiteres im pw.			pw
TS.	TS	xref	Taittiri1ya Sam2hita1	0				
TS. Anukr.	TSANUKR	xref	Taittiri1ya Sam2hita1	0				
TS. Pra1t.	TSPRAT	xref	Pra1tis4a1khya zur Taittiri1ya Sam2hita1 [pwj56]	0				
Udva1hat.	UDVAHAT	xref	Udva1hatttva	0				
Udva1hatattva	UDVAHATATTVA	work		1	nach Anführungen im S4KD. pw			pw
Ug4g4val.	UGGVAL	xref	Ujjvaladatta	0				
Ujjvaladatta	UJJVALADATTA	xref	Un2a1disu1tras	0				
Un2.	UN	xref	Un2a1di Affixe	0				
Un2a1di Affixe	UNADIAFFIXE	work		1	Ed. O. Böhtlingk, St. Petersburg, 1844.  PW	2788		PW
Un2a1dik.	UNADIK	xref	Un2a1dikos4a	0				
Un2a1dikos4a	UNADIKOSA	work		1	Nach Anführungen im S4KD. PW			PW
Un2a1dis.	UNADIS	xref	Un2a1disu1tra	0				
Un2a1disu1tra	UNADISUTRA	work		0				
Up. und Upak.	UPUNDUPAK	xref	Upakos4a	0				
Upag. Av.	UPAGAV	xref	Upagupta1vada1na	0				
Upagupta1vada1na	UPAGUPTAVADANA	work		1	Handschrift in der Pariser Bibliothek. PW Nach Schiefner.			PW
Upakos4a	UPAKOSA	work		0				
Upal.	UPAL	xref	Upalekha	0				
Upalekha	UPALEKHA	work		1	Ed. W. Pertsch, Berlin, 1854.  PW	2796		PW
Uttaracaritrakatha1nakam	UTTARACARITRAKATHANAKAM	work		1	In: Sitzungsberichte der königlich oreuss. Ak. der Ww. zu berlin, 1884			
Uttarar.	UTTARAR	xref	uttarara1macarita	0				
Uttarara1macarita	UTTARARAMACARITA	work		2	1. Ed. Calcutta, 1831.  PW, pw | 2. Ed. P. tarkavagi1s4a, Calcutta, 1862.  pw	2830,2832		PW,pw,pw
Utt. Ra1ma K.	UTTRAMAK	xref	Uttarara1macarita	0				
Va1ghbhat2t2as Alam2ka1ra	VAGHBHATTASALAMKARA	work		1	Ed. A. Boroah, London, Calcutta, 1883.  pw Mit:	1316		pw
Vag4rak4k4h.	VAGRAKKH	xref	Vajracchedika	0				
Vag4ras.	VAGRAS	xref	Vajrasu1ci1 [pwj57]	0				
Vag4ra1sanasa1dhanam.	VAGRASANASADHANAM	xref	Vajra1sanasa1dhanama1la1	0				
Vaidjabh.	VAIDJABH	xref	Vaidhyabha1s2ya	0				
Vaidyabha1s2ya	VAIDYABHASYA	work		1	Ohne weiteres im pw.			pw
Vaij.	VAIJ	xref	Vaijayanti	0				
Vaijayanti	VAIJAYANTI	work		1	Ein Wörterbuch, Excerpte daraus von A. F. Stenzler. PW			PW
Vais4es2ikha	VAISESIKHA	work		0				
Vaita1n.	VAITAN	xref	Vaita1nasu1tra	0				
Vaita1nasu1tra	VAITANASUTRA	work		1	Ed. R. Garbe, Strassburg, 1878.  pw	2867		pw
Va1jasaneyisam2hita1	VAJASANEYISAMHITA	xref	Yajurveda	0				
Vajracchedika	VAJRACCHEDIKA	work		1	Ed. F. M. Müller, Oxford, 1881.  pw	2874		pw
Vajra1sanasa1dhanama1la1	VAJRASANASADHANAMALA	work		1	Handchrift in der Pariser Bibliothek. Nach Schiefer. PW			PW
Vajrasu1ci1	VAJRASUCI	work		1	Ed. A. Weber, Berlin, 1860.  pw	2875		pw
Va1ju P.	VAJUP	xref	Va1yu Pura1n2a	0				
Va1lakh.	VALAKH	xref	Va1lakhilya	0				
Va1lakhilya	VALAKHILYA	work		1	Die zwischen R2gveda 8, 48, 49 eingeschobenen Lieder. PW, pw			PW,pw
Va1mana	VAMANA	xref	Ka1ya1lam2ka1ra	0				
Va1mana Pura1n2a	VAMANAPURANA	work		1	Handschrift. pw			pw
Vam2c11a Br.	VAMCABR	xref	Vam2s4a Bra1hman2a	0				
Vam2s4a Bra1hman2a	VAMSABRAHMANA	work		1	Ed. A. C. Burnell, Mangalore, 1873.  pw	2887		pw
Var.	VAR	abbrev	Variante	0				
Vara1hamihira	VARAHAMIHIRA	xref	Br2hajja1taka, Br2hatsam2hita1, Laghuja1taka,	0				
Vara1ha Pura1n2a	VARAHAPURANA	work		1	Handschrift. PW, pw			PW,pw
Vara1h. Br2h.	VARAHBRH	xref	Br2hajja1taka	0				
Vara1h. Br2hs.	VARAHBRHS	xref	Br2hatsam2hita1	0				
Vara1h. Lagh.	VARAHLAGH	xref	Laghuja1taka	0				
Vardhama1na Caritra	VARDHAMANACARITRA	work		1	Handschrift. pw			pw
Va1r. P.	VARP	xref	Va1ra1ha Pura1n2a	0				
Va1rt.	VART	xref	Va1rtika1	0				
Va1rtika1	VARTIKA	work		1	Von Ka1tya1yana zu Pa1n2ini. In Böhtlingks Ausgabe des Pa1n2ini. PW, pw			PW,pw
Va1s.	VAS	xref	Va1santika1	0				
Va1santika1	VASANTIKA	work		1	Handschrift. pw			pw
Va1sav.	VASAV	xref	Va1savadatta1	0				
Vasis2t2ha Dharmas4a1stra	VASISTHADHARMASASTRA	work		1	Ed. A. A. Führer, Poona, 1830.  pw	2910		pw
Va1stuv.	VASTUV	xref	Va1stuvidya1	0				
Va1stuvidya1	VASTUVIDYA	work		1	Von Vis4vakarman. Handschrift. pw			pw
Va1yu Pura1n2a	VAYUPURANA	work		0				
ved.	VED	abbrev	vedisch	0				
Veda1ntas.	VEDANTAS	xref	Veda1ntasa1ra	0				
Veda1ntasa1ra	VEDANTASARA	work		2	1. Ed. Calcutta, 1829.  PW | 2. Ed. J. R. Ballantyne, Allahabad, 1850.  PW	2937	279	PW
Veda P.	VEDAP	xref	Veda Pura1n2a	0				
Veda Pura1n2a	VEDAPURANA	work		1	Ohne weiteres im PW.			PW
Ven2is.	VENIS	xref	Ven2isam2ha1ra	0				
Ven2isam2ha1ra	VENISAMHARA	work		2	1. Nach Anführungen im S4KD. PW | 2. Ed. J. Grill, Leipzig, 1871.  pw	2951		PW,pw
Verh. d.k.s.G.d.Ww.	VERHDKSGDWW	abbrev	Verhandlungen der königlich sächsischen	0				
Verz. d.B.H.	VERZDBH	xref	Berlin	0				
Verz. d. Pet. H.	VERZDPETH	xref	St. Petersburg	0				
Vet.	VET	xref	Veta1lapan5cavim2s4atika	0				
vata1lapan5cavim2s4atika	VATALAPANCAVIMSATIKA	work		2	1. In: Anthologia sanscritica. PW, pw | 2. Ed. H. Uhle, Leipzig, 1881.  pw	2969		PW,pw,pw
Vic11v.	VICV	xref	Vis4vamitras Kampf	0				
Vic11vak.	VICVAK	xref	Vic11vakos4a [pwj59]	0				
Vid.	VID	xref	Geschichte des Vidu1s4aka	0				
Vidagdhamukham.	VIDAGDHAMUKHAM	xref	Vidagdhamukhaman2d2ana	0				
Vidagdhamukhaman2d2ana	VIDAGDHAMUKHAMANDANA	work		1	Nach Anführungen im S4KD. PW			PW
Viddh.	VIDDH	xref	Viddhas4alabhan5jikha1khya1na1nat2ika1	0				
Viddhas4a1labhan5jikha1khya1na1nat2ika1	VIDDHASALABHANJIKHAKHYANANATIKA	work		1	In der Zeitschrift Pratnakmranan2d2ini1. pw			pw
Vikr.	VIKR	xref	Vikramorvas4i1	0				
Vikraman3kak4.	VIKRAMANKAK	xref	Vikraman3kacarita	0				
Vikraman3kacarita	VIKRAMANKACARITA	work		1	Ed. G. Bühler, Bombay, 1875.  pw	1875		pw
Vikramorvas4i1	VIKRAMORVASI	work		2	Ed. F. Bollensen, Leipzig, St. Petersburg, 1846.  PW, pw | 2. Nach dravidischen Handschriften, herausgegeben von R. Pischel in:	2991		PW,pw
Vikr. drav.	VIKRDRAV	xref	Vikramorvas4i1	0				
Vi1ram.	VIRAM	xref	Vi1ramitrodaya	0				
Vi1ramitrodaya	VIRAMITRODAYA	work		1	Ed. Calcutta, 1815.  PW, pw	3005		PW,pw
Vis2n2u Su1tra	VISNUSUTRA	work		2	Ed. H. H. Wilson, London, 1840.  PW, pw | Unbekannte Bombayer Ausgabe. pw	3021		PW,pw,pw
Vis2n2u Su1tra	VISNUSUTRA	work		1	Ed. J. Jolly, Oxford, 1880.  pw	3033		pw
Viva1dacinta1man2i1	VIVADACINTAMANI	work		2	1. Ed. R. Vidya1va1gi1s4a, Calcutta, 1837.  PW | 2. Ed. R. Vidya1va1gi1s4a, Calcutta, 1894. PW		351	PW
Viva1dak4.	VIVADAK	xref	Viva1dacinta1man2i1	0				
Viva1da1rn2.	VIVADARN	xref	Viva1da1rn2avasetu	0				
Vivada1rn2avasetu	VIVADARNAVASETU	work		1	Nach Anführungen im S4KD. PW			PW
Vivekav.	VIVEKAV	xref	Vivekavila1sa	0				
Vivekavila1sa	VIVEKAVILASA	work		1	In der Zeitschrift Pratnakamranandini1. pw			pw
Vis4vakos4a	VISVAKOSA	work		1	Ohne weiteres im pw.			pw
Vjut.	VJUT	xref	Vyutpatti [pwj60]	0				
V.L.	VL	abbrev	Varia Lectio	0				
Vop.	VOP	xref	Vopadeva	0				
Vopadeva	VOPADEVA	xref	Mugdhabodha	0				
VP.	VP	xref	Vis2n2u Pura1n2a	0				
Vr2s2abha1nuja	VRSABHANUJA	work		1	Im 3. und 4. Buch des Pandit. pw			pw
Vr2shabh.	VRSHABH	xref	Vr2s2abha1nuja	0				
VS.	VS	work		0				
Vyutpatti	VYUTPATTI	work		1	Ein Sanskrit-tibetisch-mongolisches Wörterbuch. Nach Schiefner. PW St.			PW
West.	WEST	xref	Westergaard	0				
Westergaard	WESTERGAARD	xref	Radices	0				
Willmot, E.	WILLMOTE	work		0				
Wils.	WILS	xref	Wilson	0				
Wilson, H.H.	WILSONHH	work		0				
Windischmann, F.H.H.	WINDISCHMANNFHH	work		0				
Wind. Sanc.	WINDSANC	xref	Windischmann	0				
Wise	WISE	xref	Commentary	0				
Yajn5adattavadha	YAJNADATTAVADHA	work		1	Ed. A. L. Deslongchamps, Paris, 1829. PW			PW
Ya1jn5yavalkyas Gesetzbuch	YAJNYAVALKYASGESETZBUCH	work		1	Ed. A. F. Stenzler, Berlin, 1849.  PW, pw	3094		PW,pw
Yajurveda	YAJURVEDA	work		1	Ed. A. Weber, london, Berlin, 1852-59.  PW, pw Mit: S4atapatha	3085		PW,pw
Yogara1tra	YOGARATRA	xref	Indische Studien	0				
Yogas4a1stra	YOGASASTRA	work		1	Von Hemacandra. In: Z. d. d. m. G. 28. pw			pw
Yogas4ikha Upanis2ad	YOGASIKHAUPANISAD	xref	Atharvan2a Upanis2ads	0				
Yogasu1tra	YOGASUTRA	work		1	Von Patan5jali. Ed. J. R. Ballantyne, Allahabad, 1852. I.O. 3137] PW, pw			PW,pw
Yogatattva	YOGATATTVA	xref	Indisch Studien	0				
Yogatattva Upanis2ad	YOGATATTVAUPANISAD	xref	Atharvan2a Upanis2ads	0				
Yuktikalpataru	YUKTIKALPATARU	work		1	Ohne weiteres im PW.			PW
Zach. Beitr.	ZACHBEITR	xref	Beiträge <i>Z.d.d.m.G.</i> = Zeitschrift der	0				
Z.f.d.K.d.M.	ZFDKDM	abbrev	Zeitschrift für die Kunde des Morgenlandes	0				
Z.f.d.W.d.Spr.	ZFDWDSPR	abbrev	Zeitschrift für die Wissenschaft der Sprache.	0				
Z. f. vgl. Spr.	ZFVGLSPR	abbrev	Zeitschrift für vergleichende Sprachforschung auf	0				
Zur Geschichte	ZURGESCHICHTE	work		1	der griechichen und indoskythischen Könige in Baktrien, Kabul, und Indien			
Zur Literatur und Geschichte des Veda (Z. L. u. G. d. W. )	ZURLITERATURUNDGESCHICHTEDESVEDAZLUGDW	work		0				
Zwölf Hymnen	ZWLFHYMNEN	work		1	des R2gveda. Ed. E. Windisch. Seite 169 ff.			
